-- MySQL dump 10.13  Distrib 5.5.62, for Win64 (AMD64)
--
-- Host: 127.0.0.1    Database: YOUTUBE_channel
-- ------------------------------------------------------
-- Server version	8.0.23-0ubuntu0.20.04.1

/*!40101 SET @OLD_CHARACTER_SET_CLIENT=@@CHARACTER_SET_CLIENT */;
/*!40101 SET @OLD_CHARACTER_SET_RESULTS=@@CHARACTER_SET_RESULTS */;
/*!40101 SET @OLD_COLLATION_CONNECTION=@@COLLATION_CONNECTION */;
/*!40101 SET NAMES utf8 */;
/*!40103 SET @OLD_TIME_ZONE=@@TIME_ZONE */;
/*!40103 SET TIME_ZONE='+00:00' */;
/*!40014 SET @OLD_UNIQUE_CHECKS=@@UNIQUE_CHECKS, UNIQUE_CHECKS=0 */;
/*!40014 SET @OLD_FOREIGN_KEY_CHECKS=@@FOREIGN_KEY_CHECKS, FOREIGN_KEY_CHECKS=0 */;
/*!40101 SET @OLD_SQL_MODE=@@SQL_MODE, SQL_MODE='NO_AUTO_VALUE_ON_ZERO' */;
/*!40111 SET @OLD_SQL_NOTES=@@SQL_NOTES, SQL_NOTES=0 */;

--
-- Table structure for table `available_quality`
--

DROP TABLE IF EXISTS `available_quality`;
/*!40101 SET @saved_cs_client     = @@character_set_client */;
/*!40101 SET character_set_client = utf8 */;
CREATE TABLE `available_quality` (
  `id` int unsigned NOT NULL AUTO_INCREMENT,
  `quality` varchar(25) COLLATE utf8_unicode_ci DEFAULT NULL COMMENT 'качество(разрешение) видео',
  PRIMARY KEY (`id`)
) ENGINE=InnoDB AUTO_INCREMENT=9 DEFAULT CHARSET=utf8 COLLATE=utf8_unicode_ci COMMENT='Варианты доступного качества для видео';
/*!40101 SET character_set_client = @saved_cs_client */;

--
-- Dumping data for table `available_quality`
--

LOCK TABLES `available_quality` WRITE;
/*!40000 ALTER TABLE `available_quality` DISABLE KEYS */;
INSERT INTO `available_quality` VALUES (1,'144p'),(2,'240p'),(3,'360p'),(4,'480p'),(5,'720p'),(6,'1080p'),(7,'1440p'),(8,'2160p');
/*!40000 ALTER TABLE `available_quality` ENABLE KEYS */;
UNLOCK TABLES;

--
-- Table structure for table `channel_profiles`
--

DROP TABLE IF EXISTS `channel_profiles`;
/*!40101 SET @saved_cs_client     = @@character_set_client */;
/*!40101 SET character_set_client = utf8 */;
CREATE TABLE `channel_profiles` (
  `id` int unsigned NOT NULL AUTO_INCREMENT,
  `user_id` int unsigned NOT NULL COMMENT 'Ссылка на пользователя которым был создан канал',
  `photo_id` int unsigned DEFAULT NULL COMMENT 'Ссылка на обложку канала',
  `channel_status` int unsigned DEFAULT NULL COMMENT 'Ссылка на таблицу статусов для канала',
  `created_at` datetime DEFAULT CURRENT_TIMESTAMP COMMENT 'Время создания канала',
  `monetization` int unsigned DEFAULT NULL,
  `channel_type` int unsigned DEFAULT NULL,
  `subscribers` int unsigned NOT NULL COMMENT 'Ссылка на пользователя которым был создан канал',
  PRIMARY KEY (`id`),
  KEY `channel_profile_channel_status_fk` (`channel_status`),
  KEY `channel_profile_monetization_fk` (`monetization`),
  KEY `channel_profile_channel_type_fk` (`channel_type`),
  CONSTRAINT `channel_profile_channel_status_fk` FOREIGN KEY (`channel_status`) REFERENCES `channel_status` (`id`),
  CONSTRAINT `channel_profile_channel_type_fk` FOREIGN KEY (`channel_type`) REFERENCES `channel_type` (`id`),
  CONSTRAINT `channel_profile_monetization_fk` FOREIGN KEY (`monetization`) REFERENCES `monetization` (`id`)
) ENGINE=InnoDB AUTO_INCREMENT=108 DEFAULT CHARSET=utf8 COLLATE=utf8_unicode_ci COMMENT='Профили пользователей';
/*!40101 SET character_set_client = @saved_cs_client */;

--
-- Dumping data for table `channel_profiles`
--

LOCK TABLES `channel_profiles` WRITE;
/*!40000 ALTER TABLE `channel_profiles` DISABLE KEYS */;
INSERT INTO `channel_profiles` VALUES (1,94,0,1,'2021-02-05 12:16:14',3,1,15043),(2,70,0,1,'2021-02-05 12:16:14',1,1,29440),(3,91,0,1,'1992-05-21 07:35:41',2,2,17720),(4,67,0,1,'2008-05-25 15:42:16',2,2,27103),(5,20,0,1,'2021-02-05 12:16:14',3,1,6931),(6,4,0,1,'2008-01-13 05:35:25',3,1,26989),(7,226,0,1,'1987-12-09 00:38:54',1,1,3807),(8,111,0,1,'2007-07-26 01:37:35',3,2,45240),(9,202,0,1,'2010-07-26 11:22:27',1,1,41401),(10,253,0,1,'2016-05-20 02:41:09',1,2,3306),(11,136,0,1,'2021-02-05 12:16:14',3,2,33963),(12,125,0,1,'2007-01-26 03:37:27',3,2,35285),(13,19,0,1,'2021-01-10 07:29:53',1,1,3509),(14,218,0,1,'2019-02-22 03:39:32',1,1,5502),(15,52,0,1,'2021-02-05 12:15:39',3,2,13449),(16,232,0,1,'2008-09-15 11:48:03',3,2,36880),(17,60,0,1,'2021-02-05 12:16:14',3,2,43567),(18,275,0,1,'2021-02-05 12:16:14',2,2,33764),(19,63,0,1,'2021-02-05 12:16:14',1,2,17583),(20,30,0,1,'2003-08-21 16:03:22',3,1,16555),(21,152,0,1,'1993-06-04 02:49:15',3,1,45321),(22,151,0,1,'2021-02-05 12:16:14',2,2,3000),(23,225,0,1,'2021-02-05 12:16:14',3,1,44506),(24,139,0,1,'2021-02-05 12:16:14',1,2,1793),(25,99,0,1,'2007-07-07 08:37:24',1,1,19467),(26,127,0,1,'2017-08-30 15:49:48',3,1,25220),(27,44,0,1,'2021-02-05 12:16:14',1,2,32696),(28,209,0,1,'2021-02-05 12:16:14',2,1,42417),(29,245,0,1,'1993-11-15 10:43:44',1,1,37021),(30,168,0,1,'2005-11-05 15:31:30',1,2,28262),(31,194,0,1,'2021-02-05 12:16:14',1,1,41094),(32,134,0,1,'2021-02-05 12:16:14',2,1,13813),(33,78,0,1,'2021-02-05 12:16:14',1,1,33373),(34,16,0,1,'2021-02-05 12:16:14',3,2,30730),(35,278,0,1,'2012-02-09 01:28:32',3,2,13987),(36,253,0,1,'2001-07-16 04:11:47',1,1,37119),(37,272,0,1,'2010-07-15 01:51:36',3,2,18389),(38,15,0,1,'2021-02-05 12:16:14',3,2,29044),(39,40,0,1,'2021-02-05 12:16:14',2,2,15634),(40,60,0,1,'2021-02-05 12:16:14',1,1,33672),(41,138,0,1,'2015-01-04 21:35:51',1,2,35384),(42,226,0,1,'2018-05-30 12:02:24',2,2,31908),(43,75,0,1,'1998-01-15 08:06:43',3,2,28793),(44,10,0,1,'2012-03-18 07:11:50',3,1,49244),(45,116,0,1,'2021-02-05 12:16:14',2,1,635),(46,290,0,1,'2013-02-11 17:34:41',2,2,42088),(47,129,0,1,'2021-02-05 12:16:14',3,2,21214),(48,67,0,1,'2021-02-05 12:16:14',3,2,33435),(49,45,0,1,'2021-02-05 12:16:14',3,2,18858),(50,192,0,1,'2017-10-10 05:34:25',2,2,173),(51,220,0,1,'1994-04-14 23:54:50',3,1,19561),(52,130,0,1,'1997-05-23 19:43:25',2,2,38462),(53,19,0,1,'1990-01-18 03:07:05',2,2,43979),(54,290,0,1,'2013-06-10 04:10:23',2,1,46361),(55,46,0,1,'2021-02-05 12:16:14',1,1,10190),(56,140,0,1,'2021-02-05 12:16:14',2,2,44662),(57,116,0,1,'1982-07-18 19:41:43',1,2,17741),(58,41,0,1,'2021-02-05 12:16:14',1,1,11997),(59,47,0,1,'2017-06-27 21:26:22',2,1,15611),(60,228,0,1,'2006-07-26 07:32:56',2,2,11048),(61,27,0,1,'2021-02-05 12:16:14',3,2,2623),(62,172,0,1,'2021-02-05 12:16:14',1,1,7508),(63,25,0,1,'2021-02-05 12:16:14',3,1,19329),(64,93,0,1,'2021-02-05 12:16:14',2,2,2101),(65,27,0,1,'2018-04-02 04:54:03',2,1,27931),(66,67,0,1,'2021-02-05 12:16:14',2,1,28195),(67,102,0,1,'2001-04-19 08:56:35',2,2,17788),(68,127,0,1,'1992-08-07 05:07:21',1,2,30145),(69,163,0,1,'2021-02-05 12:16:14',3,2,39136),(70,105,0,1,'2021-02-05 12:16:14',1,1,38932),(71,293,0,1,'2021-02-05 12:16:14',1,1,24075),(72,132,0,1,'2021-02-05 12:16:14',2,1,39509),(73,227,0,1,'2021-02-05 12:16:14',1,2,43902),(74,68,0,1,'2003-07-28 02:18:41',1,2,41742),(75,177,0,1,'2003-12-08 15:35:39',3,2,36393),(76,42,0,1,'1984-05-09 19:09:40',3,2,43160),(77,251,0,1,'2011-02-17 21:13:06',2,1,38103),(78,159,0,1,'2008-01-23 20:23:50',3,2,17204),(79,14,0,1,'1992-09-24 13:15:39',3,1,36269),(80,261,0,1,'2005-03-23 02:29:27',3,2,25423),(81,67,0,1,'2021-02-05 12:16:14',1,1,20642),(82,143,0,1,'2021-02-05 12:16:14',1,1,15163),(83,241,0,1,'2001-01-11 22:39:55',1,1,19316),(84,256,0,1,'2018-01-13 08:59:01',2,1,17005),(85,203,0,1,'2021-02-05 12:16:14',1,2,6740),(86,44,0,1,'2021-02-05 12:16:14',3,2,9752),(87,77,0,1,'2002-01-31 11:24:52',1,2,25083),(88,263,0,1,'2000-09-08 09:56:40',2,2,19354),(89,51,0,1,'2020-01-08 20:41:03',1,1,46345),(90,123,0,1,'1995-08-03 04:21:57',1,2,14342),(91,207,0,1,'2021-02-05 12:16:14',2,2,10921),(92,145,0,1,'2021-02-05 12:16:14',2,1,21142),(93,46,0,1,'2021-02-05 12:16:14',2,2,28210),(94,279,0,1,'2021-02-05 12:16:14',2,1,41479),(95,223,0,1,'2021-02-05 12:16:14',3,1,48567),(96,164,0,1,'2021-02-05 12:16:14',1,2,6492),(97,268,0,1,'1989-03-31 02:20:51',2,1,4410),(98,221,0,1,'2019-02-15 07:41:31',3,2,14457),(99,7,0,1,'2021-02-05 12:16:14',2,2,29360),(100,171,0,1,'2019-10-19 15:47:32',3,1,29443),(101,34,0,3,'2021-01-08 13:17:56',2,2,333),(102,53,0,3,'2021-01-08 13:17:54',2,2,10),(103,42,0,3,'2021-01-08 13:17:55',2,2,20),(104,34,0,3,'2021-01-08 13:17:56',2,2,333),(105,18,0,3,'2021-01-08 13:17:54',2,2,10),(106,22,0,3,'2021-01-08 13:17:55',2,2,20),(107,36,0,3,'2021-01-08 13:17:56',2,2,333);
/*!40000 ALTER TABLE `channel_profiles` ENABLE KEYS */;
UNLOCK TABLES;
/*!50003 SET @saved_cs_client      = @@character_set_client */ ;
/*!50003 SET @saved_cs_results     = @@character_set_results */ ;
/*!50003 SET @saved_col_connection = @@collation_connection */ ;
/*!50003 SET character_set_client  = utf8mb4 */ ;
/*!50003 SET character_set_results = utf8mb4 */ ;
/*!50003 SET collation_connection  = utf8mb4_0900_ai_ci */ ;
/*!50003 SET @saved_sql_mode       = @@sql_mode */ ;
/*!50003 SET sql_mode              = 'ONLY_FULL_GROUP_BY,STRICT_TRANS_TABLES,NO_ZERO_IN_DATE,NO_ZERO_DATE,ERROR_FOR_DIVISION_BY_ZERO,NO_ENGINE_SUBSTITUTION' */ ;
DELIMITER ;;
/*!50003 CREATE*/ /*!50017 DEFINER=`root`@`localhost`*/ /*!50003 TRIGGER `update_of_channel_profiles` AFTER INSERT ON `channel_profiles` FOR EACH ROW BEGIN
   		INSERT INTO channel_profiles_inserts SET msg = 'new row added', row_id = NEW.id;
	END */;;
DELIMITER ;
/*!50003 SET sql_mode              = @saved_sql_mode */ ;
/*!50003 SET character_set_client  = @saved_cs_client */ ;
/*!50003 SET character_set_results = @saved_cs_results */ ;
/*!50003 SET collation_connection  = @saved_col_connection */ ;

--
-- Table structure for table `channel_profiles_inserts`
--

DROP TABLE IF EXISTS `channel_profiles_inserts`;
/*!40101 SET @saved_cs_client     = @@character_set_client */;
/*!40101 SET character_set_client = utf8 */;
CREATE TABLE `channel_profiles_inserts` (
  `id` int unsigned NOT NULL AUTO_INCREMENT,
  `msg` varchar(255) NOT NULL,
  `updated_at` timestamp NOT NULL DEFAULT CURRENT_TIMESTAMP,
  `row_id` int NOT NULL,
  PRIMARY KEY (`id`)
) ENGINE=MyISAM AUTO_INCREMENT=4 DEFAULT CHARSET=utf8mb4 COLLATE=utf8mb4_0900_ai_ci;
/*!40101 SET character_set_client = @saved_cs_client */;

--
-- Dumping data for table `channel_profiles_inserts`
--

LOCK TABLES `channel_profiles_inserts` WRITE;
/*!40000 ALTER TABLE `channel_profiles_inserts` DISABLE KEYS */;
INSERT INTO `channel_profiles_inserts` VALUES (1,'new row added','2021-02-08 10:12:25',105),(2,'new row added','2021-02-08 10:12:27',106),(3,'new row added','2021-02-08 10:12:29',107);
/*!40000 ALTER TABLE `channel_profiles_inserts` ENABLE KEYS */;
UNLOCK TABLES;

--
-- Table structure for table `channel_status`
--

DROP TABLE IF EXISTS `channel_status`;
/*!40101 SET @saved_cs_client     = @@character_set_client */;
/*!40101 SET character_set_client = utf8 */;
CREATE TABLE `channel_status` (
  `id` int unsigned NOT NULL AUTO_INCREMENT,
  `channel_status` varchar(25) COLLATE utf8_unicode_ci DEFAULT NULL COMMENT 'Статус канала',
  PRIMARY KEY (`id`)
) ENGINE=InnoDB AUTO_INCREMENT=4 DEFAULT CHARSET=utf8 COLLATE=utf8_unicode_ci COMMENT='Варианты статуса канала';
/*!40101 SET character_set_client = @saved_cs_client */;

--
-- Dumping data for table `channel_status`
--

LOCK TABLES `channel_status` WRITE;
/*!40000 ALTER TABLE `channel_status` DISABLE KEYS */;
INSERT INTO `channel_status` VALUES (1,'active'),(2,'banned'),(3,'under verification');
/*!40000 ALTER TABLE `channel_status` ENABLE KEYS */;
UNLOCK TABLES;

--
-- Table structure for table `channel_type`
--

DROP TABLE IF EXISTS `channel_type`;
/*!40101 SET @saved_cs_client     = @@character_set_client */;
/*!40101 SET character_set_client = utf8 */;
CREATE TABLE `channel_type` (
  `id` int unsigned NOT NULL AUTO_INCREMENT,
  `channel_type` varchar(25) COLLATE utf8_unicode_ci DEFAULT NULL COMMENT 'Тип канала',
  PRIMARY KEY (`id`)
) ENGINE=InnoDB AUTO_INCREMENT=3 DEFAULT CHARSET=utf8 COLLATE=utf8_unicode_ci COMMENT='Варианты типа канала';
/*!40101 SET character_set_client = @saved_cs_client */;

--
-- Dumping data for table `channel_type`
--

LOCK TABLES `channel_type` WRITE;
/*!40000 ALTER TABLE `channel_type` DISABLE KEYS */;
INSERT INTO `channel_type` VALUES (1,'children'),(2,'non-children');
/*!40000 ALTER TABLE `channel_type` ENABLE KEYS */;
UNLOCK TABLES;

--
-- Table structure for table `comments`
--

DROP TABLE IF EXISTS `comments`;
/*!40101 SET @saved_cs_client     = @@character_set_client */;
/*!40101 SET character_set_client = utf8 */;
CREATE TABLE `comments` (
  `id` int unsigned NOT NULL AUTO_INCREMENT,
  `video_id` int unsigned NOT NULL COMMENT 'ссылка на файл',
  `comment` longtext CHARACTER SET utf8mb4 COLLATE utf8mb4_bin COMMENT 'комментарий к видео ролику',
  `user_id` int unsigned NOT NULL COMMENT 'пользователь оставивший комментарий',
  PRIMARY KEY (`id`),
  KEY `comments_video_id_fk` (`video_id`),
  KEY `comments_user_id_fk` (`user_id`),
  CONSTRAINT `comments_user_id_fk` FOREIGN KEY (`user_id`) REFERENCES `user_info` (`id`),
  CONSTRAINT `comments_video_id_fk` FOREIGN KEY (`video_id`) REFERENCES `videos` (`id`)
) ENGINE=InnoDB AUTO_INCREMENT=201 DEFAULT CHARSET=utf8 COLLATE=utf8_unicode_ci COMMENT='Комментарии к видео';
/*!40101 SET character_set_client = @saved_cs_client */;

--
-- Dumping data for table `comments`
--

LOCK TABLES `comments` WRITE;
/*!40000 ALTER TABLE `comments` DISABLE KEYS */;
INSERT INTO `comments` VALUES (1,215,'Maxime consequatur voluptatem consequatur. Eos explicabo ut est soluta nulla. Quaerat voluptas ea ipsum necessitatibus voluptatibus. Voluptatem dolorem deleniti eveniet ratione molestiae in.',136),(2,46,'Vel provident at ullam sint autem ipsam sapiente. Voluptatum non maxime ut hic. Alias recusandae aut adipisci autem eum.',46),(3,69,'Reprehenderit facilis accusamus aut. Aut sunt ad sed. Tempora nostrum maiores blanditiis aut. Provident rerum modi odio.',230),(4,275,'Quam in voluptatem mollitia temporibus quia suscipit. Harum repudiandae fugiat eius libero animi enim. Illum voluptatum veritatis illum eos corrupti. Eaque libero vero sunt iusto.',227),(5,151,'Quis magni aliquam est ullam incidunt. Veritatis saepe recusandae accusamus. Perspiciatis sed ut rerum necessitatibus. Voluptatum consequatur et dolore qui.',199),(6,51,'Ullam consequuntur mollitia quasi ut quibusdam. Rerum velit ullam quasi praesentium labore sed est hic. Quia nemo dolorem ullam ut et et.',238),(7,22,'Facere et ipsam at officiis aut id ut. Et provident hic totam sed suscipit consequuntur excepturi. Quod vitae eaque repudiandae voluptas magni et.',92),(8,116,'Est soluta quia exercitationem ut adipisci. Repellendus provident laudantium et sit tenetur voluptatem a nam. Ab aut ratione odit autem quaerat qui reiciendis. Nulla sed ab quos.',57),(9,30,'Nam ullam vel nihil officia vero voluptatem debitis aut. Nihil magnam tempora excepturi autem nihil similique eveniet. In labore debitis debitis velit.',248),(10,199,'Autem consequatur praesentium consequatur sunt alias. Ut est nihil numquam repellat sequi alias ipsum. Blanditiis tempore vero fugit labore. Commodi saepe aut possimus nulla quia.',269),(11,84,'Nihil omnis aut quibusdam nesciunt. Aperiam reprehenderit cupiditate ullam et. Nostrum blanditiis odit quis ut consectetur vel. Aspernatur voluptas eum nihil et accusamus vel quas at.',282),(12,158,'Vel voluptatem nihil est voluptates minima atque. Consequatur nostrum exercitationem exercitationem fugit. Quod nostrum voluptas dolores laudantium labore.',214),(13,158,'Vero eaque perspiciatis perferendis quasi. Temporibus sed eos a excepturi consequuntur. Provident id in aliquam. Nisi sit voluptatibus quis itaque numquam ut.',60),(14,13,'Dolores et quos possimus sequi rerum. Saepe et omnis aperiam quia nostrum explicabo autem sunt. Adipisci ab minus repellat. Numquam autem qui suscipit aut.',61),(15,223,'Amet sunt reprehenderit eos necessitatibus. Quia laborum aperiam velit cum hic dolorum modi. Repudiandae et dolorum pariatur corporis non placeat.',55),(16,91,'Et voluptatem quod rerum necessitatibus suscipit. Delectus nisi ut aperiam ut aut aut. Voluptatum nesciunt nostrum enim ducimus aut ut quo. Rem deleniti molestias officiis quia ipsum quo dolorem et.',223),(17,131,'Non exercitationem dolore ea voluptatem. Et ex dolor in blanditiis odio vel. Sit officiis ut assumenda dolor provident. Omnis fugiat aut iusto officiis voluptas perspiciatis.',256),(18,138,'Repudiandae ut eos quam. Aut ut voluptatem sunt et sit est. Deleniti est atque quis praesentium animi illum a. Incidunt officiis eligendi rerum unde et maiores natus.',73),(19,12,'Fugiat perferendis beatae quas earum ut et. Voluptas maiores ad omnis dicta vel aliquid quia. Sit facere aliquid magni et.',57),(20,228,'Ducimus modi laudantium rerum quia consequatur. Nulla modi fugit libero eius. Ab est deleniti eaque quisquam voluptatem.',40),(21,179,'Architecto cupiditate nisi ab libero dolore. Doloribus nihil tempora rem quas molestias. Architecto hic praesentium pariatur ut.',79),(22,232,'Earum et ipsa rerum fugiat magni totam aperiam. Ratione qui suscipit tempore illo ea aspernatur et. Nobis aut laboriosam consectetur debitis.',298),(23,110,'Ut quae sit et ut ut quisquam vero veritatis. Qui quasi expedita doloremque voluptas aut. Tempore commodi qui et accusantium pariatur a vel. Nisi vitae aperiam dolores culpa aut est.',8),(24,75,'Maiores enim expedita sed eaque aut. Rem quisquam asperiores harum et. Officia consequatur sed quas architecto in et. Esse impedit et eos aut.',295),(25,23,'Totam beatae quia blanditiis. Architecto qui excepturi eligendi doloremque repudiandae. Vel odio aut laborum quidem alias sequi odit vel. Nesciunt perspiciatis dolorem qui iure aut minus.',104),(26,30,'Et non officiis voluptatem id ea. Saepe enim fugiat earum ab ad. Asperiores commodi nihil voluptatem sit tempora accusamus quaerat. Nihil quisquam dolores voluptas voluptas ullam id architecto.',174),(27,91,'Commodi laborum dolores veniam. Velit aspernatur rerum animi aperiam. Esse quibusdam incidunt neque voluptatum. Nihil modi sed blanditiis iure laborum quia praesentium commodi.',223),(28,203,'Et autem eaque voluptatem ea et cumque. Neque et sint culpa voluptatem. Non optio voluptate culpa nulla omnis assumenda perspiciatis at. Sit qui temporibus fugiat quia qui itaque veniam.',114),(29,68,'Doloremque labore temporibus aliquid est est. Eum possimus totam voluptatibus ipsum dolores. Asperiores inventore et consequuntur nemo.',198),(30,200,'Et dolore praesentium id. Quis esse qui maxime est omnis voluptate. Eum suscipit occaecati quis sunt. Explicabo et ut exercitationem provident in.',117),(31,149,'Nostrum similique sed id dignissimos vero voluptas nesciunt. Dolores corporis eum magnam quam eos harum molestiae. Rerum ut tenetur omnis mollitia. Temporibus nam sed doloribus eveniet est ab quasi.',294),(32,102,'Rerum nihil impedit ut ipsam sint. Cum aut consequatur eaque hic ea nihil. Unde non repudiandae corrupti aliquam sunt qui aliquid.',68),(33,266,'Quisquam assumenda quod perferendis sequi vero mollitia vel sed. Et molestiae praesentium ut. Non amet fugiat iste et.',50),(34,240,'Cum ea quia odio in velit. Aut perferendis quo qui autem dolorem. Possimus ut velit molestiae quis omnis cupiditate. Voluptas dicta non porro culpa id.',213),(35,129,'Pariatur id quo voluptas consequuntur autem reiciendis. Est nobis iste cumque harum est. Omnis cumque voluptas sed impedit maxime quis.',85),(36,213,'Rerum non adipisci aut natus non in id eaque. Aut possimus sed eum expedita sit qui veritatis. Accusamus consectetur quos est eveniet repellat provident id.',37),(37,259,'Quisquam consequatur laboriosam est non ea. Debitis impedit quod dicta. Dolores commodi ut a qui excepturi recusandae.',224),(38,128,'Qui libero atque consequatur quia molestiae labore qui. Nihil consequatur dignissimos necessitatibus. Magnam ut fugit fugiat.',125),(39,218,'Soluta ducimus minus illum quae exercitationem. Id qui perferendis magnam enim. Quos ut enim doloribus velit soluta ipsam.',187),(40,229,'Ullam soluta consequatur aut rem. Deserunt et maxime tempore voluptas corrupti praesentium. Voluptate quas nulla error ut natus. Eum alias suscipit et quod ut quidem. Sit et quasi consequatur atque.',116),(41,146,'Voluptatem et in et ut dolores pariatur ea. Veritatis totam dignissimos iusto incidunt excepturi et. Qui ullam hic sit architecto at eos. Aut quo provident qui ut quaerat.',168),(42,98,'Quod similique vero rerum. Et consequatur saepe ab quam facilis est.\nIpsam enim illum praesentium tempore quae. Enim qui quia ipsam.',185),(43,134,'Vel enim asperiores fugiat similique hic iste libero. Maxime exercitationem et aut aspernatur sed enim quia.',292),(44,185,'Consequuntur reprehenderit numquam qui sit. Quia error dolores sit dolorem error est. Laudantium dicta ut ut vel.',17),(45,256,'Maxime libero aliquid voluptatibus totam hic sed aut non. Est error et amet velit illo temporibus. Reprehenderit et omnis non. Ipsa sapiente eos natus hic dolor labore in.',94),(46,183,'Praesentium vero repellendus voluptatum aut magni ullam vel. Minima voluptas voluptatem vitae voluptas qui et provident et. Hic aut sunt rem est voluptate quia. Laudantium eos quidem omnis est ut.',72),(47,105,'Sed maxime accusantium architecto sint id. Est a tempore nam veritatis qui et voluptates. Aliquam inventore est commodi cupiditate maxime. Nihil velit libero qui. Beatae magni nostrum odit.',127),(48,109,'Provident nobis voluptas sapiente laborum aut molestiae praesentium. Modi debitis alias ipsam nesciunt pariatur quidem sint. Voluptas voluptas quis maiores dicta dolor.',17),(49,142,'Qui vero tenetur molestiae non est animi quisquam. Animi qui nisi porro quidem laborum iure et qui. Non voluptate hic et voluptatem.',191),(50,124,'Non doloremque qui ex hic. Sint et amet sint enim voluptas rem a. Nulla atque sed ut atque et qui harum. Quo nam itaque qui corrupti ipsam.',167),(51,211,'Unde atque iusto facere assumenda totam rem. Iste aut sint vitae culpa quis dolores deserunt. Harum deleniti rerum sint inventore fugit. Et possimus sapiente rerum et optio.',186),(52,255,'Esse suscipit libero est repellat sunt qui. Consequatur reprehenderit et vel aperiam quis facilis molestiae qui. Minima sit sit neque odit.',186),(53,107,'Eos ducimus est molestiae vel explicabo qui qui. Distinctio ratione distinctio occaecati in vitae perspiciatis. Animi iusto ratione est.',211),(54,152,'Amet nihil qui repudiandae maiores. Dolorem provident fugiat placeat nobis error. Et qui commodi incidunt est consequatur.',173),(55,173,'In fuga temporibus et voluptas. Amet ut ea hic nihil. Asperiores numquam repudiandae commodi est. Repudiandae non voluptate non.',231),(56,22,'Aut similique iusto dolorem doloremque voluptates pariatur ea. Et quisquam vero ut ducimus qui consequatur. Natus mollitia officia qui est.',207),(57,132,'Dolores qui in temporibus ullam at. Cumque reprehenderit unde nostrum. Harum magni in occaecati et. Aut fugiat consequuntur sequi eveniet sint ipsam rerum.',58),(58,290,'Blanditiis eum consectetur expedita. Aut ex accusantium dicta soluta placeat dolor.',93),(59,21,'Voluptatem maxime quis culpa eligendi. Sint dignissimos et qui et tempora debitis cupiditate. Sit ut laudantium libero aut.',23),(60,47,'Quo et est fuga. Eligendi quia minus occaecati. Sapiente est minus ut reprehenderit.',147),(61,215,'Et aliquam qui aut et illum modi tenetur. Ut vel aut nesciunt et quis iusto nostrum. Fugiat beatae excepturi corrupti voluptatem et.',191),(62,285,'Sit illo aut esse dolores. Dolor aspernatur nihil consequuntur qui dignissimos ipsam. In perspiciatis repellat quia minus.',106),(63,191,'Quia quod inventore exercitationem et. Eaque numquam dignissimos voluptatem officiis ea ipsam maiores ipsa. Vero dolore vitae dolor saepe. Nobis veritatis et inventore molestiae.',224),(64,223,'Alias consequuntur provident id cupiditate id iure accusamus. Consequuntur optio labore quo quisquam officiis vel eum quos. Voluptas earum quia sint est sint voluptate.',133),(65,7,'At nihil qui consequatur assumenda beatae quo. Maxime id officiis nostrum deserunt et velit molestiae. Qui iure odio dolore ut non voluptatem et. Nam qui cupiditate facilis itaque modi ullam.',90),(66,87,'Consequatur dolore inventore dolores rerum pariatur nihil dolores dolor. Officia voluptatem quis ut nulla sit sunt non.',16),(67,281,'Sunt voluptate saepe ea. Et et debitis a delectus et porro.',261),(68,196,'Molestiae tenetur assumenda hic in. Dolore pariatur sunt deleniti accusantium ipsum. Ab illum perferendis eum a rem.',284),(69,134,'Soluta iste iure et et rem quidem aliquid. Temporibus possimus maxime dolorem minus officiis voluptas et. Eos ratione in reiciendis praesentium inventore.',166),(70,89,'Quo eos voluptatibus voluptatem placeat sed. Dicta ut cupiditate sed nulla aut ut. Rem corrupti magni ut omnis.',78),(71,74,'Tenetur consequatur illo esse ab omnis. Sunt voluptas eum natus et quo quasi.',289),(72,78,'Iusto et nobis id. Facilis est natus est. Nesciunt aut ut veritatis quisquam ratione facilis. Distinctio eum explicabo eius et eum.',216),(73,127,'Eius rerum alias laborum dicta eos eos. Ullam consequatur quia velit itaque in. Accusantium aut voluptatem quis distinctio praesentium. Nihil aut quis voluptates voluptatem earum.',179),(74,293,'Laborum qui inventore est quis quibusdam veniam quam. Ea est et provident iusto. Sed eum tempora veniam accusamus voluptas illo autem.',289),(75,76,'Sit vero itaque omnis repellendus. Non vero quibusdam doloribus vel. Ipsum atque et deleniti et cumque commodi.\nQui harum et ut dolores impedit autem. Ipsum cum odio rerum recusandae fugit est et.',168),(76,59,'Tempore molestiae saepe voluptatem adipisci dolores. Repellat rerum qui rerum et odit.\nRerum reiciendis velit maxime quod qui. Quas qui vel qui. Quo dolore eum assumenda nobis.',191),(77,136,'Cumque nemo est molestiae ut non et. Eum nemo quasi placeat. Qui alias animi sed hic voluptatem voluptatem.',119),(78,281,'Molestiae neque placeat autem iure ad molestiae quibusdam. Voluptatibus minima doloremque et dicta modi. Eveniet eum praesentium ab.',250),(79,214,'Fugit sint numquam quis veniam quae vel error. Et odit laboriosam et sed aut veniam. Quas reiciendis perspiciatis nostrum eligendi quia cum dolores. Et rerum nemo et id et iusto laborum.',37),(80,55,'Qui nostrum a rerum iste quia dolor libero. Aut iusto omnis aut qui. Deleniti rerum neque autem maxime et quisquam rerum. Ut ipsum occaecati id aut.',35),(81,3,'Vel commodi tempore est blanditiis. Dolor necessitatibus labore qui magni possimus. Asperiores vero eius accusamus aliquid debitis qui aut.',46),(82,242,'Quibusdam inventore delectus ea quisquam. Ullam in accusamus explicabo quo quo. Saepe ea eos corrupti quam. Esse et eligendi soluta voluptas nihil non voluptas.',81),(83,112,'Ratione quasi corporis impedit iure aut qui. In ut et ex ea qui hic. Inventore magni enim ut minima. Repellat ad nam voluptatem necessitatibus debitis et officia.',20),(84,103,'Ipsam minus inventore temporibus esse illum impedit quae. Occaecati aut dolorum maxime excepturi quae. Rem nam aperiam cupiditate dolorem aut.',128),(85,178,'Id id est ducimus. Dignissimos molestiae similique ratione blanditiis. Nostrum non et dolorum ipsam deserunt.',200),(86,190,'Cum nemo cumque laborum consectetur rerum pariatur cum sint. Et voluptas dolor aperiam ad et reprehenderit. Et ut quasi qui voluptatem ipsum tempore.',7),(87,81,'Est in non nesciunt minima beatae porro laudantium. Rerum eligendi eius odit beatae ut adipisci. Qui unde iusto voluptatem quibusdam.',198),(88,119,'Rerum commodi veritatis nam soluta facere. Itaque consectetur esse inventore cum in. Qui nemo eos ut quasi fuga. Excepturi omnis fuga et quia officia.',169),(89,52,'Error autem id quidem dolores voluptates eaque voluptatem. A dolor possimus qui quo dolores voluptas earum. Natus neque at quis qui.',238),(90,300,'Labore qui accusamus veniam voluptatibus omnis fuga reprehenderit. Vel eos debitis quaerat voluptatem quam. Rerum laudantium sunt quas tempore ut incidunt.',73),(91,76,'Similique quos et ducimus voluptas ipsum quos est. Doloribus asperiores nesciunt iste officiis. Deleniti qui rem minus. In similique aut suscipit odio voluptate voluptatem nulla.',209),(92,178,'Vitae nulla voluptatem mollitia quaerat aut in. Quo dolores aut et modi maiores iste. Consequuntur sit reprehenderit non.',193),(93,159,'Cumque dolorem nesciunt cumque aut reprehenderit. Quia cumque quibusdam adipisci sed. Culpa aut et qui ratione maiores.',20),(94,149,'Soluta doloremque porro sint magni sint sit. Vel assumenda quam cum ut quam ab veritatis. Corporis et aut fugit earum sunt ut magni. Blanditiis libero architecto libero vero id.',222),(95,124,'Eius debitis optio quasi sequi officiis. Aperiam possimus consequatur sequi ut eligendi.',245),(96,90,'Culpa voluptatem ratione aperiam commodi. Et maxime nostrum qui debitis. Quis blanditiis sit omnis aut ea quaerat. Illum culpa est delectus esse at nostrum.',257),(97,287,'Quidem impedit error quos perferendis. Error quos quam esse culpa. Voluptas iste illum at sunt quas ipsum. Esse omnis cupiditate natus dolorem.',197),(98,13,'Voluptas maiores doloremque quod quis enim quibusdam. Voluptatum quod neque reprehenderit dolor. Vel sed rerum reprehenderit quos.',285),(99,1,'Nihil totam autem accusantium laudantium laboriosam. Deleniti reiciendis culpa voluptatem omnis corporis ipsa excepturi. Architecto quam est impedit ea est.',69),(100,38,'Unde ea modi nemo sunt. Voluptatibus asperiores eos ea aut repellendus qui deleniti ex. Praesentium quis reprehenderit aut amet eum reiciendis est.',142),(101,51,'Veniam iusto vel ipsum incidunt quis sed. Commodi itaque beatae porro labore tempora odio aut. Soluta earum eius ea aperiam aut voluptatum consequatur quos.',180),(102,63,'Qui facilis aut voluptas quia asperiores nihil. Consectetur hic sed labore sit nobis. Sit nostrum est recusandae ullam tempore autem. Et cumque sit sit accusamus laudantium dolores error ipsum.',193),(103,262,'Cumque et fugit nam placeat odit quam numquam. Omnis amet error voluptatem iste. Consectetur sequi facere voluptatem. Veritatis eaque accusamus quia optio nihil.',257),(104,105,'Et voluptates consequuntur ut recusandae ipsam consequatur. Qui omnis harum rem aliquid optio illum illum quos. In aut laboriosam consequatur sit perferendis occaecati perferendis ipsam.',86),(105,125,'Magnam in itaque ducimus velit pariatur et. Velit id facilis dolor reiciendis ullam vel.',67),(106,297,'Animi sed ad et enim nam in iusto consequuntur. Voluptatem molestiae perspiciatis explicabo blanditiis ut laborum. Odit voluptatibus asperiores est saepe qui qui officia.',41),(107,57,'Et recusandae dolore temporibus. Ad provident sit aut ad. Libero molestiae asperiores alias ipsum sit fugiat. Maxime ipsum id est cum et aperiam impedit beatae.',135),(108,20,'Aut nostrum inventore quos. Dignissimos quia soluta rem eum cumque quo. Sunt error quod voluptatem repellat sunt sunt. Impedit est nostrum molestiae aut ab.',116),(109,24,'Enim omnis odio sint repellendus ducimus. Velit neque officia beatae et vel ullam. Repellat soluta dolores illum vel dignissimos.',25),(110,56,'Ut quaerat et quibusdam voluptatem sed. Veniam nisi est unde. Rerum voluptatem alias qui repellendus id eaque. Et ullam eius a et laborum dolores.',217),(111,35,'Nam voluptatem sequi quo voluptatem dolorum qui. Et optio ipsum illum minima. Tempore ratione in dolorum et et.',189),(112,139,'Quo non placeat reiciendis maxime expedita sapiente. Quia enim ut nulla recusandae nam quasi. Vitae facilis nam excepturi necessitatibus beatae voluptas quas veritatis.',58),(113,280,'Voluptatem ut necessitatibus et. Nihil vero consequatur velit exercitationem quia.\nNemo soluta labore praesentium dolorem voluptates. Qui illo ex facilis rem. Eos architecto non voluptatibus aut.',187),(114,192,'Facere consequuntur dolores itaque. Hic quasi odio reprehenderit dolore.',254),(115,116,'Rem et nulla qui provident et. Eos labore odio placeat consequatur fugit. Fugit maxime natus nobis id quo. Dolore odio ea quidem sed enim.',213),(116,56,'Aperiam est nostrum tempore quae saepe illo. Quia officiis dolore molestiae id in dolorem. Rerum consequatur mollitia voluptatum quia aut. Autem beatae ut qui deserunt alias ut eos.',281),(117,26,'Doloremque accusamus et qui sit. Optio voluptatibus ducimus ipsam possimus ab unde provident. Porro id ipsa magnam perferendis sapiente nihil qui illum.',20),(118,199,'Incidunt quos repudiandae eveniet expedita minus illum laboriosam. Perspiciatis laudantium laudantium voluptas quod dolores. Facere soluta ab accusamus.',267),(119,21,'Praesentium voluptatem distinctio incidunt voluptate. Maiores quia perspiciatis dolore in sed. Optio dolor et impedit rerum quidem cumque repudiandae quibusdam.',271),(120,34,'Officia consequatur doloremque fugiat ea quos tenetur doloremque. Numquam fuga id culpa accusantium. Quo eum qui facilis et aliquid. Qui aut dolore omnis vero.',263),(121,145,'Et nobis quia molestias qui. Ipsam minima nisi voluptate quis nesciunt porro. Dolorum ut qui magnam accusantium numquam facere.',158),(122,13,'Vitae ut dolorem tenetur quaerat id asperiores. Debitis quidem beatae cupiditate vel atque. Ut qui repellat qui nostrum iusto.',124),(123,127,'Incidunt voluptatum cum praesentium. Aut ea neque optio deserunt non ratione laborum. Eligendi rerum quibusdam accusamus dolor explicabo earum. Minus itaque velit earum blanditiis tempora.',38),(124,207,'In et et sunt nulla dolorem illum. Deleniti nostrum dolorem pariatur. Molestiae laudantium iusto praesentium esse quia ut esse.',99),(125,61,'Odio eaque voluptatibus exercitationem quidem. Reiciendis nesciunt eos quos dolor quod sed non. Cupiditate aut qui dolores et perspiciatis quisquam.',148),(126,177,'Veniam qui vel commodi officiis placeat. Nobis eos nihil aut. Nemo impedit eos velit ut doloremque est aut vitae.',62),(127,79,'Et esse deleniti voluptatem fugit. Nihil harum eum ducimus sit porro non dolorem. Quia similique perferendis qui aperiam deserunt possimus veritatis.',145),(128,135,'Pariatur rerum perspiciatis itaque pariatur tempore quo. Excepturi aut voluptatem quae quas occaecati molestias et. Rerum voluptatum totam debitis quis explicabo.',51),(129,167,'Quibusdam quasi quaerat ipsa debitis. Esse error nobis enim natus. Blanditiis odit est ut consectetur numquam ad. Esse aut qui sapiente.',209),(130,246,'Sed veniam qui fuga dolorum. Qui tempora laborum non sed minima saepe aut omnis. Et molestias consequatur consequatur.',283),(131,277,'Eveniet magnam aut et non ea quidem nostrum. Aliquid amet dignissimos eum dolor. Perferendis aut corporis doloremque voluptatem fugit laborum qui. Quam et cupiditate eligendi et modi illum.',261),(132,206,'Consequatur modi praesentium quasi sint. Itaque ipsum dolorem quas ut. Beatae libero repellat aut ducimus aut possimus.',233),(133,117,'Quo a quia explicabo tenetur quia fuga. Et quasi dolorem unde distinctio suscipit quia tempora. Qui tempore itaque iusto praesentium. Tempore dolorem ex unde est repellendus.',133),(134,276,'Rerum qui natus error et. Nihil natus nostrum et necessitatibus a. Voluptatum corrupti et dolores nemo natus.',50),(135,154,'Similique dolore dolore veritatis et. Est quisquam ullam ex praesentium accusamus qui saepe. Et impedit veritatis suscipit nihil aut. Omnis molestiae dolores dolorem mollitia.',87),(136,289,'Voluptas sed qui eveniet rerum. Natus est iure neque veniam necessitatibus. Voluptates necessitatibus alias dolor modi facere qui et. Ut aut ad maiores illum voluptatem rerum omnis.',175),(137,143,'Deserunt sint nihil temporibus officiis corporis molestiae magnam. Quibusdam et molestias veniam vitae vel quae. Necessitatibus quisquam dolore voluptas accusamus distinctio sit.',176),(138,218,'Dolores cupiditate facere eveniet perspiciatis hic. Et atque sed est quidem voluptatum veniam. Voluptatum doloribus fugit voluptatum.',181),(139,77,'Et molestiae sint sit eos vitae animi. Nostrum nihil fugit dicta accusantium. Corrupti dolorem voluptatem sit consequuntur.',92),(140,297,'Consequatur maxime itaque id commodi mollitia soluta. Voluptas dolorum qui iure ut. Est est ipsum omnis aut quibusdam eos provident. Nisi veritatis totam ut voluptatem ea.',113),(141,128,'Et dolor ea qui assumenda voluptatem distinctio tenetur. Ipsum dolor ab esse. Culpa qui consequatur ad sed laborum eveniet. Alias adipisci recusandae hic deleniti.',176),(142,92,'Vel expedita aut exercitationem quam. Similique eius qui quaerat quas enim eveniet quia ut. Error ut voluptatem rerum explicabo quas. Sunt illum quo sunt corporis.',170),(143,6,'Quasi autem quidem suscipit velit accusamus laudantium. Sunt iure excepturi reiciendis. Accusamus alias cupiditate ipsa reprehenderit.',69),(144,287,'Quia aperiam earum debitis repudiandae. Dolores doloribus optio ut rerum sit.',81),(145,174,'Accusamus ut consectetur sit et eaque adipisci. Et harum minima est. Est exercitationem et voluptate libero sed.',169),(146,110,'Est unde et quia debitis quo ducimus sit culpa. Qui labore qui impedit alias dolor nostrum dignissimos. Odio amet harum ab ratione repellendus.',252),(147,31,'Alias placeat cum omnis quibusdam qui officiis. Ea autem voluptates adipisci numquam laudantium. Explicabo est assumenda et omnis.',269),(148,198,'Dicta non non eos error veniam possimus. Ipsam architecto qui aut omnis corrupti corrupti sequi ipsam. Nulla ad quidem qui ratione eos. Nisi qui libero harum ducimus ipsam doloremque aliquam.',114),(149,295,'Neque a possimus et vero. Assumenda eaque ex commodi laudantium est autem. Aliquid reprehenderit est sit quae atque sint labore.',62),(150,218,'Consectetur ex commodi molestiae quisquam. Officiis quibusdam omnis omnis consequatur. Ut nostrum similique ab laborum.',266),(151,189,'Vitae necessitatibus et provident sit non qui necessitatibus. Facilis praesentium aperiam est minus sunt eos. Modi tempore quaerat nemo deserunt voluptatem aut.',67),(152,220,'Ipsam tempore aut nulla sit rem dignissimos. Molestiae delectus sequi unde eum quia. Non saepe aut magnam sit accusamus.',109),(153,70,'Aliquam non doloribus rerum ducimus. Quasi accusamus est tempora repellat quod rem quas. Officiis quae numquam voluptas aut qui earum suscipit eum.',45),(154,145,'Et quo quis non rerum qui voluptatem blanditiis. Aut eos omnis ex omnis ut earum. Rerum vel rem fugiat aliquam.',102),(155,296,'Et quo aperiam qui quis. Voluptas aliquid architecto omnis ad. Et consequatur dolore consequuntur minima molestiae. Fugiat beatae modi veritatis occaecati totam nulla sint.',177),(156,76,'Et dolorem quam culpa vel. Voluptate dolore et et recusandae consequatur velit veniam maxime. Provident aut odio sequi eius aut consectetur veniam. Esse quas molestiae praesentium.',140),(157,285,'Sit ex consequuntur debitis nihil voluptates molestiae. Cupiditate dolores excepturi explicabo nihil expedita ut quae. Qui ea et tempore. Quis dolor iste ex dignissimos blanditiis.',259),(158,36,'Est repellendus similique voluptas sequi. Non adipisci id voluptatem voluptates dolor nihil perferendis. Est consequatur quos beatae sequi qui doloremque quod.',247),(159,30,'Vel explicabo aut provident est consequatur. Quis ut vero id officia sunt dolores qui. Accusantium itaque ut voluptatem repudiandae nulla soluta sequi. Odio eos dolorem sed.',50),(160,259,'Natus unde odio magnam autem veniam est. Iure rerum dignissimos vel consequatur. Earum incidunt libero sit distinctio. Possimus modi doloribus veritatis ullam est et rem.',137),(161,230,'Commodi quasi laboriosam velit quidem est quis. Rerum ut illo qui quasi ut sunt.',142),(162,169,'Molestiae illo sequi dolores placeat esse. Libero tenetur quaerat incidunt. Consequatur earum qui maiores ipsum aut qui.',265),(163,14,'Sit sit quia et in eveniet delectus quo. Vel inventore labore qui amet. In et ad dolorum consectetur rem maiores. Sapiente eum laboriosam et rerum sequi aperiam.',249),(164,66,'Earum cumque voluptatum voluptas aperiam nam ullam. Recusandae est deleniti odit rerum facilis consequatur. Saepe magni dignissimos dolores ipsam est.',158),(165,216,'Expedita facere sunt voluptas unde magni et libero. Quidem assumenda nihil iure placeat praesentium illo. Iusto blanditiis quisquam maxime ad odit molestiae voluptatem animi.',177),(166,220,'Et itaque rerum debitis consequatur. Et dolorem temporibus accusantium et. Nesciunt voluptatum nisi nulla repudiandae autem corporis. Dolorem modi et odit sit consequatur maxime.',226),(167,268,'Dolorum odit inventore eius. Non voluptas qui eaque ipsam voluptatem cupiditate.\nVoluptatem quas ea est. Animi et asperiores ut aut natus et illo. Ab possimus aut earum.',101),(168,14,'Iusto qui ex dignissimos et praesentium. Dolorem quia esse repudiandae corporis qui fugiat asperiores. Praesentium ullam quam architecto numquam in consequatur. Architecto est qui vero.',206),(169,257,'In nulla molestiae accusantium vel tempora eveniet iure nihil. Atque aut amet cupiditate quis sapiente vel. Odio qui velit et deleniti sunt. Qui ea est consectetur quia nihil recusandae iure.',219),(170,166,'Esse eos earum eos pariatur sit dolorem. Et voluptatem pariatur pariatur aspernatur blanditiis non. Voluptatem quis sit aut nostrum voluptatibus esse.',124),(171,56,'Neque alias ipsa veritatis. Officiis quis cumque autem ut saepe nisi dolorem. Aliquam et occaecati odio quo ea quia deleniti.',189),(172,232,'Unde accusantium vel optio. Est sapiente perferendis consectetur recusandae magni. Ipsa voluptas aliquid in sed.',249),(173,115,'Voluptatem quaerat sunt odio. Autem consequuntur eius id sunt illo temporibus. Qui a laboriosam rem est illo. Amet ipsum explicabo et distinctio facilis maiores.',192),(174,105,'Aliquam dolor totam porro dolores. Delectus et et quidem non blanditiis. Ratione facilis unde et molestias dolores qui tenetur.',192),(175,218,'Corrupti tenetur vero accusantium voluptatem natus ut. Quaerat dolor voluptatem sed eum officiis laudantium.',36),(176,140,'Unde corporis deserunt nemo aspernatur. Itaque eveniet voluptas molestiae quia iure aperiam. Quas enim eum suscipit repellendus aliquid. Earum vitae maiores dolores.',85),(177,11,'Omnis corporis tempore deserunt et quisquam accusamus laboriosam. Ratione qui eaque rerum labore odit enim id. Omnis sunt quo ipsam est.',85),(178,194,'Corporis ipsa cum voluptas quos hic. Sunt quam tenetur odio iste. Veritatis veritatis reprehenderit dolores sed vitae qui.',49),(179,208,'Quis maiores quasi ut earum quia. Aperiam quibusdam dicta blanditiis rerum quam. Doloribus eveniet doloremque excepturi mollitia aut.',264),(180,201,'Totam labore atque velit temporibus perspiciatis ea et. Sunt perferendis provident in aut voluptas.',12),(181,173,'Dolorem saepe delectus ex. Sequi odit ratione sequi deserunt occaecati illum.',103),(182,269,'Quibusdam facilis sit molestiae dolores iusto ut distinctio. Nam tempora ullam ipsam commodi id.',204),(183,270,'Labore ab omnis eum sit ad dolorem. Quas repudiandae et optio sit. Id voluptatem quis nihil nam earum nostrum et. Et est cumque velit ex tempore perferendis incidunt.',120),(184,198,'Explicabo omnis itaque porro asperiores nam et. Vitae dolor temporibus autem nulla placeat. Nostrum quas animi et quis.',209),(185,244,'Nostrum quam animi sapiente aut. Impedit et adipisci autem officiis ut voluptatem sit sit. Ut nulla deserunt quia culpa enim et quidem. Similique aut tempore asperiores dolore voluptatem quam.',87),(186,293,'Porro quia aut sit laboriosam sed eligendi neque. Cumque asperiores non illo id qui magni vel.',123),(187,74,'Soluta vel quas distinctio et veniam ut rerum. Eum sit a quibusdam nostrum id sit. Vel voluptatem et hic. Et nihil aut asperiores doloremque.',97),(188,191,'Nemo aut aut dolor quis sapiente quae voluptatibus. Voluptates sit in ullam dolor corrupti alias deserunt. Dolor possimus omnis ex.',241),(189,186,'Consectetur maxime natus sit ut. Libero quia ut ducimus enim est omnis qui.',167),(190,64,'Nostrum pariatur placeat dolorem repudiandae deserunt officia nam reiciendis. Eaque ducimus perferendis consequuntur aperiam quis sed enim.',41),(191,182,'Possimus id saepe occaecati dolorem. Qui quas est et. In dolore omnis illo distinctio. Aliquid dolores iusto nihil. Et nihil est omnis ratione quo.',131),(192,295,'Quae placeat est consequatur autem quia et et. Omnis voluptas cupiditate excepturi. Accusantium odit aperiam sed vitae ut non illum. Modi cum velit maxime eaque aspernatur autem.',159),(193,78,'Provident molestias earum aspernatur consequatur maiores provident. Laborum consequatur et voluptas error similique inventore ut quia. Aspernatur rem soluta cumque repudiandae in corporis tempora.',127),(194,300,'Voluptatem eius officia at neque distinctio alias dolor. Blanditiis perferendis similique minus ut. Fugit ex ipsam eaque quidem laborum voluptas fugiat. Nihil blanditiis iste odio odit.',163),(195,106,'Sapiente porro ad sint velit ad. Fugit illo pariatur molestiae. Esse accusamus architecto aliquam. Ipsum voluptatem eius atque.',80),(196,289,'Sed officiis asperiores est numquam voluptatibus qui ut. Vero aspernatur consectetur cum quia cupiditate facilis aspernatur. In quibusdam quidem doloremque. Molestiae illum ratione mollitia.',199),(197,216,'Iusto quae eius itaque harum rerum quis praesentium. Ut beatae maiores quo consectetur quia. Quibusdam quas sit eligendi ipsa dicta.',283),(198,139,'Nihil consectetur aut dolorum accusamus et officiis. Facere eligendi rerum laborum deleniti. Exercitationem omnis dolorum velit aut omnis.',62),(199,171,'Beatae et ad ut. Aperiam ut sint et ab. Culpa tempore et veniam et consequatur.',3),(200,74,'Neque expedita aut debitis et iure exercitationem id aperiam. Reiciendis modi occaecati non aut ut rerum. Placeat ex quaerat unde quibusdam molestiae aut quas.',32);
/*!40000 ALTER TABLE `comments` ENABLE KEYS */;
UNLOCK TABLES;

--
-- Table structure for table `gender`
--

DROP TABLE IF EXISTS `gender`;
/*!40101 SET @saved_cs_client     = @@character_set_client */;
/*!40101 SET character_set_client = utf8 */;
CREATE TABLE `gender` (
  `id` int unsigned NOT NULL AUTO_INCREMENT,
  `gender` varchar(25) COLLATE utf8_unicode_ci DEFAULT NULL COMMENT 'Название пола',
  PRIMARY KEY (`id`)
) ENGINE=InnoDB AUTO_INCREMENT=3 DEFAULT CHARSET=utf8 COLLATE=utf8_unicode_ci COMMENT='Варианты полов';
/*!40101 SET character_set_client = @saved_cs_client */;

--
-- Dumping data for table `gender`
--

LOCK TABLES `gender` WRITE;
/*!40000 ALTER TABLE `gender` DISABLE KEYS */;
INSERT INTO `gender` VALUES (1,'male'),(2,'female');
/*!40000 ALTER TABLE `gender` ENABLE KEYS */;
UNLOCK TABLES;

--
-- Table structure for table `likes_dislikes`
--

DROP TABLE IF EXISTS `likes_dislikes`;
/*!40101 SET @saved_cs_client     = @@character_set_client */;
/*!40101 SET character_set_client = utf8 */;
CREATE TABLE `likes_dislikes` (
  `id` int unsigned NOT NULL AUTO_INCREMENT,
  `video_id` int unsigned NOT NULL COMMENT 'ссылка на файл',
  `likes` int unsigned NOT NULL COMMENT 'количество лайков',
  `dislikes` int unsigned NOT NULL COMMENT 'количество дизлайков',
  PRIMARY KEY (`id`),
  KEY `likes_dislikes_video_id_fk` (`video_id`),
  CONSTRAINT `likes_dislikes_video_id_fk` FOREIGN KEY (`video_id`) REFERENCES `videos` (`id`)
) ENGINE=InnoDB AUTO_INCREMENT=301 DEFAULT CHARSET=utf8 COLLATE=utf8_unicode_ci COMMENT='количество лайков и дизлайков';
/*!40101 SET character_set_client = @saved_cs_client */;

--
-- Dumping data for table `likes_dislikes`
--

LOCK TABLES `likes_dislikes` WRITE;
/*!40000 ALTER TABLE `likes_dislikes` DISABLE KEYS */;
INSERT INTO `likes_dislikes` VALUES (1,22,5457,872),(2,60,88977,634),(3,149,90218,627),(4,180,98405,992),(5,48,65724,923),(6,58,96970,738),(7,262,32139,18),(8,238,76256,197),(9,274,26597,401),(10,110,49192,112),(11,99,5307,208),(12,45,53309,377),(13,62,24016,750),(14,141,33936,247),(15,269,4928,169),(16,222,99411,890),(17,186,21854,638),(18,277,92950,502),(19,198,87826,349),(20,207,68349,591),(21,261,55336,427),(22,152,42052,600),(23,294,7775,859),(24,88,41971,654),(25,61,18722,50),(26,161,65925,291),(27,143,65534,590),(28,243,30673,639),(29,136,56031,910),(30,98,95912,78),(31,107,61630,933),(32,223,46052,865),(33,85,40845,439),(34,252,38837,458),(35,285,95231,590),(36,203,63819,10),(37,188,37498,49),(38,177,23058,131),(39,117,73442,824),(40,278,47202,348),(41,115,34661,887),(42,224,989,66),(43,40,19372,725),(44,181,67954,601),(45,300,64679,602),(46,283,73698,713),(47,68,75559,222),(48,248,24905,893),(49,267,71563,865),(50,81,94350,14),(51,121,26661,740),(52,150,23565,760),(53,178,356,269),(54,91,88958,16),(55,23,61001,647),(56,211,73234,780),(57,3,96080,756),(58,135,24019,124),(59,226,42097,252),(60,168,69219,764),(61,93,838,788),(62,137,49435,470),(63,47,61804,600),(64,184,79560,377),(65,56,4628,274),(66,258,67046,258),(67,118,99120,799),(68,287,11873,34),(69,106,1160,464),(70,264,48963,804),(71,176,51548,593),(72,251,85069,302),(73,116,64521,936),(74,249,14396,971),(75,230,81475,543),(76,89,87973,13),(77,276,76228,505),(78,202,34876,212),(79,173,82298,377),(80,123,65169,774),(81,144,87270,348),(82,232,50357,142),(83,179,48113,563),(84,26,52883,816),(85,41,16939,956),(86,260,55388,240),(87,52,12481,553),(88,51,60978,558),(89,158,5387,546),(90,50,36684,985),(91,5,85499,877),(92,146,62067,183),(93,111,61334,747),(94,75,99120,119),(95,33,5247,238),(96,66,36269,689),(97,298,72138,124),(98,290,77814,328),(99,100,73777,324),(100,192,99626,421),(101,286,87160,3),(102,145,31548,760),(103,282,95233,240),(104,189,99159,739),(105,13,22261,988),(106,241,95308,420),(107,7,62497,644),(108,133,10494,171),(109,64,48720,27),(110,273,80452,851),(111,97,47266,612),(112,90,40819,459),(113,162,55178,959),(114,220,1690,186),(115,67,6248,262),(116,21,41296,580),(117,219,74904,149),(118,9,1426,712),(119,18,35851,35),(120,35,84317,159),(121,57,4107,457),(122,122,59804,130),(123,142,56359,375),(124,279,29406,266),(125,227,50269,820),(126,70,48607,316),(127,16,15880,362),(128,265,83060,678),(129,237,86811,606),(130,71,67433,566),(131,29,58109,91),(132,256,23763,860),(133,129,44872,834),(134,157,66822,226),(135,233,22627,772),(136,172,32536,701),(137,131,47723,353),(138,113,58176,917),(139,148,84643,755),(140,46,58256,328),(141,155,82723,229),(142,12,44121,996),(143,27,31696,385),(144,96,82940,91),(145,195,5972,844),(146,80,23258,701),(147,205,26839,928),(148,182,63395,522),(149,259,55474,906),(150,49,60933,963),(151,175,97990,736),(152,126,50593,247),(153,134,7127,649),(154,36,98675,386),(155,39,26474,435),(156,164,69714,91),(157,250,15446,523),(158,92,83893,792),(159,244,20240,611),(160,257,5032,802),(161,292,95292,912),(162,240,81482,294),(163,125,15948,576),(164,299,1859,402),(165,28,56613,81),(166,196,71953,238),(167,245,34117,634),(168,83,8678,121),(169,74,82133,809),(170,288,79402,996),(171,53,44361,862),(172,236,24958,515),(173,153,34025,35),(174,14,13938,24),(175,19,47869,118),(176,79,69975,567),(177,128,5725,335),(178,266,20889,127),(179,201,22255,878),(180,185,49426,597),(181,199,30689,365),(182,103,34126,15),(183,82,15331,235),(184,44,44672,76),(185,197,98242,208),(186,231,39500,20),(187,295,50689,174),(188,206,15921,185),(189,208,10001,910),(190,255,15205,304),(191,42,10217,627),(192,55,42237,595),(193,38,33570,462),(194,34,32622,595),(195,246,27399,216),(196,73,71319,319),(197,63,58436,125),(198,163,39493,170),(199,104,70044,966),(200,166,83261,578),(201,4,50632,741),(202,160,31400,203),(203,221,92431,783),(204,114,91846,471),(205,270,31840,13),(206,127,1709,151),(207,183,58309,118),(208,210,89735,68),(209,108,51464,611),(210,156,21140,912),(211,171,46323,570),(212,109,18451,287),(213,77,63261,616),(214,268,43359,519),(215,8,92587,211),(216,94,28998,845),(217,65,83899,423),(218,239,62088,435),(219,95,84245,457),(220,6,73073,296),(221,229,91790,142),(222,140,94404,232),(223,154,80950,507),(224,234,59287,948),(225,11,87728,985),(226,170,38743,866),(227,147,58413,86),(228,105,99961,574),(229,165,84163,735),(230,280,92050,396),(231,275,74736,852),(232,59,79679,130),(233,87,48764,263),(234,296,54044,559),(235,138,75277,202),(236,214,39936,42),(237,213,47128,624),(238,31,95636,500),(239,225,82696,381),(240,130,17535,895),(241,78,54789,161),(242,263,44540,500),(243,190,12764,564),(244,17,33530,783),(245,194,85592,518),(246,291,15937,742),(247,139,32598,249),(248,10,28385,253),(249,289,60922,323),(250,84,38323,966),(251,102,85743,841),(252,54,18653,635),(253,254,26582,508),(254,169,82456,530),(255,24,89399,6),(256,271,93815,811),(257,25,1390,751),(258,284,61983,835),(259,215,89787,127),(260,209,93910,296),(261,20,49163,21),(262,200,75224,331),(263,212,43482,418),(264,293,67266,671),(265,167,17028,231),(266,242,43881,281),(267,272,75752,181),(268,112,80492,333),(269,281,48051,583),(270,119,31337,530),(271,101,3042,510),(272,43,94436,787),(273,124,7008,636),(274,174,20702,584),(275,217,80686,622),(276,132,43035,432),(277,1,71810,699),(278,218,54457,972),(279,37,58323,427),(280,204,34875,735),(281,193,98643,722),(282,159,65114,786),(283,297,5617,397),(284,15,24699,330),(285,216,46136,285),(286,247,24560,788),(287,72,79447,526),(288,120,90223,463),(289,2,2575,523),(290,76,36614,284),(291,30,24952,904),(292,69,96472,727),(293,32,26830,403),(294,86,94048,61),(295,191,63461,27),(296,228,90681,1),(297,151,14101,599),(298,187,12110,838),(299,235,15096,416),(300,253,44758,737);
/*!40000 ALTER TABLE `likes_dislikes` ENABLE KEYS */;
UNLOCK TABLES;

--
-- Table structure for table `monetization`
--

DROP TABLE IF EXISTS `monetization`;
/*!40101 SET @saved_cs_client     = @@character_set_client */;
/*!40101 SET character_set_client = utf8 */;
CREATE TABLE `monetization` (
  `id` int unsigned NOT NULL AUTO_INCREMENT,
  `monetization` varchar(25) COLLATE utf8_unicode_ci DEFAULT NULL COMMENT 'монетизация канала',
  PRIMARY KEY (`id`)
) ENGINE=InnoDB AUTO_INCREMENT=4 DEFAULT CHARSET=utf8 COLLATE=utf8_unicode_ci COMMENT='Варианты монетизации канала';
/*!40101 SET character_set_client = @saved_cs_client */;

--
-- Dumping data for table `monetization`
--

LOCK TABLES `monetization` WRITE;
/*!40000 ALTER TABLE `monetization` DISABLE KEYS */;
INSERT INTO `monetization` VALUES (1,'enabled'),(2,'disabled'),(3,'suspended');
/*!40000 ALTER TABLE `monetization` ENABLE KEYS */;
UNLOCK TABLES;

--
-- Table structure for table `user_info`
--

DROP TABLE IF EXISTS `user_info`;
/*!40101 SET @saved_cs_client     = @@character_set_client */;
/*!40101 SET character_set_client = utf8 */;
CREATE TABLE `user_info` (
  `id` int unsigned NOT NULL AUTO_INCREMENT,
  `user_status` int unsigned DEFAULT NULL COMMENT 'Ссылка на таблицу статусов для пользователя',
  `nickname` varchar(50) CHARACTER SET utf8 COLLATE utf8_general_ci NOT NULL,
  `first_name` varchar(50) CHARACTER SET utf8 COLLATE utf8_general_ci NOT NULL,
  `lastname` varchar(50) CHARACTER SET utf8 COLLATE utf8_general_ci NOT NULL,
  `gender` int unsigned DEFAULT NULL,
  `birthday` date DEFAULT NULL COMMENT 'Дата рождения',
  `photo_id` int unsigned DEFAULT NULL COMMENT 'Ссылка на основную фотографию пользователя',
  `city` varchar(130) CHARACTER SET utf8 COLLATE utf8_unicode_ci DEFAULT NULL COMMENT 'Город проживания',
  `country` varchar(130) CHARACTER SET utf8 COLLATE utf8_unicode_ci DEFAULT NULL COMMENT 'Страна проживания',
  `email` varchar(130) CHARACTER SET utf8 COLLATE utf8_unicode_ci DEFAULT NULL COMMENT 'Электронная почта',
  `created_at` datetime DEFAULT NULL,
  `updated_at` datetime DEFAULT NULL,
  PRIMARY KEY (`id`),
  KEY `user_info_user_status_fk` (`user_status`),
  KEY `user_info_gender_fk` (`gender`),
  CONSTRAINT `user_info_gender_fk` FOREIGN KEY (`gender`) REFERENCES `gender` (`id`),
  CONSTRAINT `user_info_user_status_fk` FOREIGN KEY (`user_status`) REFERENCES `user_status` (`id`)
) ENGINE=InnoDB AUTO_INCREMENT=301 DEFAULT CHARSET=utf8mb4 COLLATE=utf8mb4_0900_ai_ci;
/*!40101 SET character_set_client = @saved_cs_client */;

--
-- Dumping data for table `user_info`
--

LOCK TABLES `user_info` WRITE;
/*!40000 ALTER TABLE `user_info` DISABLE KEYS */;
INSERT INTO `user_info` VALUES (1,3,'commodi','Ettie','Murphy',2,'1959-01-20',0,'Sabrynafurt','New Zealand','kevin.beahan@example.net','1995-09-26 00:40:18','1997-12-12 23:01:50'),(2,1,'odio','Brook','Stroman',2,'1987-08-10',0,'East Yesseniachester','Tokelau','rosenbaum.maud@example.com','2007-04-08 08:05:28','2007-04-16 08:05:28'),(3,3,'minus','Macey','Orn',2,'1967-09-12',0,'Amiyaberg','Kazakhstan','adelle.miller@example.org','2005-05-20 08:52:29','2005-05-28 08:52:29'),(4,3,'voluptas','Beryl','Hickle',1,'1974-12-02',0,'Mitchellland','Algeria','caroline89@example.org','1999-09-04 02:15:30','2005-07-30 14:17:51'),(5,1,'pariatur','Louie','Okuneva',2,'1971-10-01',0,'Wunschtown','Ecuador','schulist.harrison@example.net','1972-12-22 22:26:06','1973-11-09 09:20:50'),(6,1,'qui','Lindsey','Treutel',1,'1994-06-23',0,'East Sabinaside','Gambia','bdibbert@example.org','2002-06-23 00:00:00','2002-07-01 00:00:00'),(7,1,'sunt','Jalyn','Deckow',1,'1988-03-11',0,'Erdmanburgh','Niue','etha15@example.org','1996-03-11 00:00:00','1996-03-19 00:00:00'),(8,1,'nisi','Olin','Bogan',2,'1979-04-16',0,'North Tyson','Trinidad and Tobago','rasheed17@example.com','1987-04-16 00:00:00','1994-03-12 06:10:44'),(9,1,'nostrum','Magdalen','Nolan',1,'1966-03-06',0,'North Bridget','Turkmenistan','hester.lockman@example.net','1987-11-24 03:05:23','1987-12-02 03:05:23'),(10,1,'amet','Bianka','Durgan',1,'1989-11-13',0,'Maryamburgh','Latvia','kari.west@example.org','1999-08-31 04:26:31','1999-09-08 04:26:31'),(11,1,'ut','Mose','Miller',2,'1988-12-22',0,'New Tomasa','Germany','coty.o\'connell@example.net','1996-12-22 00:00:00','2003-01-31 04:05:32'),(12,2,'unde','Sharon','Fahey',1,'1951-05-10',0,'New Elfrieda','Christmas Island','oryan@example.org','1988-04-05 03:59:41','1993-05-17 00:19:25'),(13,3,'aliquam','Rod','King',2,'1992-06-21',0,'Port Lilliestad','Bahamas','grayson.abbott@example.org','2008-04-10 06:35:23','2008-04-18 06:35:23'),(14,1,'eos','Ashly','Mertz',2,'1977-07-13',0,'West Ellie','Cameroon','wisoky.lilyan@example.net','1985-07-13 00:00:00','2020-06-15 20:33:57'),(15,1,'recusandae','Branson','Wilkinson',2,'1982-09-23',0,'West Caleton','Russian Federation','darren.bartell@example.org','1989-03-30 22:08:13','2016-12-13 15:24:08'),(16,1,'culpa','Chester','Kemmer',1,'1982-12-07',0,'Purdyport','Cameroon','ethel43@example.org','1990-12-07 00:00:00','2001-01-21 00:06:59'),(17,1,'veniam','Antoinette','Murazik',1,'1958-07-31',0,'Port Jalonhaven','China','jedediah.schaefer@example.org','1990-10-29 11:27:59','1998-05-22 15:44:49'),(18,1,'a','Eliza','Hermann',1,'1952-01-28',0,'South Alysha','Lithuania','wilbert91@example.net','2002-02-24 06:32:53','2002-03-04 06:32:53'),(19,1,'laboriosam','Ruben','Moen',2,'1975-01-15',0,'New Kamrynville','Slovenia','dayana31@example.com','1986-01-17 04:45:14','1995-03-31 12:18:03'),(20,1,'debitis','Korey','Rogahn',1,'1963-10-01',0,'West Shaynaland','French Southern Territories','barton.bettie@example.org','2004-08-18 11:14:28','2004-08-26 11:14:28'),(21,2,'rerum','Sherwood','Bode',1,'1956-10-01',0,'East Gunnar','Bahamas','dewayne47@example.com','1994-04-07 07:57:29','2008-01-30 21:38:54'),(22,1,'natus','Mozell','Ernser',2,'1958-03-17',0,'Crooksburgh','Vietnam','virgil86@example.net','1992-09-18 04:46:51','2008-08-19 00:11:28'),(23,1,'facilis','Halle','Howe',1,'1999-08-01',0,'Lake Domenicfort','Greenland','okey39@example.net','2014-08-17 10:23:37','2014-08-25 10:23:37'),(24,1,'facilis','Maddison','Osinski',2,'1952-12-30',0,'North Deliastad','Sri Lanka','oschiller@example.org','1990-11-10 11:51:47','2014-11-06 15:32:19'),(25,1,'soluta','Lorenzo','Thompson',2,'1953-04-27',0,'Declanview','United Kingdom','donnelly.sandra@example.org','2008-09-27 19:59:12','2008-10-05 19:59:12'),(26,1,'fuga','Troy','Beahan',1,'1986-10-05',0,'Lake Dustinberg','Nauru','parisian.rubye@example.com','2019-04-27 20:45:24','2019-05-05 20:45:24'),(27,1,'animi','Ernestine','Weber',1,'1953-04-21',0,'Sawaynbury','Guadeloupe','mohamed34@example.org','2000-03-19 15:57:39','2000-10-17 15:19:24'),(28,1,'quas','Kane','Roob',1,'1952-10-13',0,'East Brenna','Romania','deven.funk@example.org','2009-06-26 13:18:42','2009-07-04 13:18:42'),(29,1,'ut','Noemi','Cruickshank',1,'1990-05-06',0,'Maeveshire','Gibraltar','smitham.kailyn@example.net','2006-01-30 16:16:06','2006-02-07 16:16:06'),(30,1,'distinctio','Alta','Langosh',1,'1958-06-30',0,'Cristchester','Austria','trenner@example.com','1979-11-17 23:56:19','1999-06-15 05:08:25'),(31,1,'facilis','Rozella','Kub',1,'1969-11-30',0,'Jarrodfort','El Salvador','hertha40@example.com','1970-07-20 00:06:30','2007-05-02 11:56:23'),(32,1,'sunt','Jerrold','Braun',2,'1980-05-01',0,'Luisaview','Brunei Darussalam','xbergnaum@example.net','2000-05-27 11:09:37','2000-06-04 11:09:37'),(33,1,'dolor','Arthur','Berge',1,'1968-02-29',0,'Lake Juana','Thailand','gibson.kaycee@example.net','2001-07-05 08:38:25','2016-11-21 08:52:29'),(34,1,'placeat','Abner','Legros',1,'1999-12-23',0,'Beermouth','Guinea','will.aleen@example.net','2007-12-23 00:00:00','2007-12-31 00:00:00'),(35,1,'natus','Alberto','Olson',1,'1982-04-08',0,'Schummburgh','Estonia','bdurgan@example.com','2015-08-10 23:21:45','2015-08-18 23:21:45'),(36,1,'nihil','Moises','Casper',2,'1964-10-02',0,'Welchton','Cayman Islands','arvel.berge@example.com','1973-02-10 23:57:57','2020-02-15 15:03:28'),(37,1,'animi','Aubree','Jacobs',2,'1986-06-24',0,'Jarretbury','Pitcairn Islands','lwiza@example.org','2015-12-16 17:23:33','2015-12-24 17:23:33'),(38,1,'nemo','Tracy','Pfannerstill',2,'1977-12-28',0,'Jacobsonside','Turkmenistan','fay.efrain@example.net','1983-03-19 22:26:13','2001-11-20 20:40:00'),(39,1,'sit','April','Gerhold',1,'1979-06-14',0,'Jeffville','Tuvalu','ohane@example.net','2020-09-09 00:49:08','2020-09-17 00:49:08'),(40,3,'natus','Vida','Yundt',1,'1964-05-23',0,'Lake Maryjane','Aruba','turner.tina@example.net','2013-07-18 14:09:52','2013-07-26 14:09:52'),(41,1,'qui','Rudy','Trantow',1,'1953-07-16',0,'Lake Adriana','Georgia','oryan@example.com','2018-10-30 23:09:24','2018-11-07 23:09:24'),(42,1,'dolorum','Aaron','Simonis',2,'1957-02-09',0,'Antwonstad','Mauritius','yeffertz@example.net','1973-07-31 04:22:28','2015-12-07 11:33:06'),(43,2,'et','Vicky','Hegmann',2,'1998-06-23',0,'Valentinborough','Slovakia (Slovak Republic)','pfeffer.dorthy@example.org','2006-06-23 00:00:00','2012-03-01 04:12:54'),(44,1,'ipsam','Kameron','Mueller',2,'1997-08-14',0,'Shannonstad','Netherlands Antilles','conroy.larry@example.net','2005-08-14 00:00:00','2005-08-22 00:00:00'),(45,1,'dolore','Eino','Considine',2,'1967-03-17',0,'Schaeferport','Luxembourg','cleta.hermann@example.net','2005-10-22 08:19:18','2005-10-30 08:19:18'),(46,1,'sint','Leanna','Herman',1,'1966-09-14',0,'Jonatanborough','Guyana','irutherford@example.com','2016-04-16 13:06:55','2016-04-24 13:06:55'),(47,1,'libero','Lucas','Lindgren',1,'1970-09-15',0,'New Hayleemouth','Canada','garth.bins@example.org','2002-12-07 16:05:52','2002-12-15 16:05:52'),(48,1,'non','Eliza','Hettinger',2,'1999-09-12',0,'East Berylport','Cambodia','yost.tyreek@example.com','2007-09-12 00:00:00','2017-05-27 23:36:58'),(49,1,'et','Shania','Howell',1,'1976-09-19',0,'Lake Celiatown','Morocco','reilly27@example.org','2009-10-14 12:10:09','2015-12-15 21:20:13'),(50,3,'cum','Earl','Cremin',1,'1980-12-24',0,'Ondrickaborough','Ecuador','bernard.yundt@example.com','1984-02-06 06:17:30','1984-02-14 06:17:30'),(51,1,'consequuntur','Gerson','Schroeder',2,'1963-07-12',0,'Ferrybury','Myanmar','kaelyn57@example.net','1975-12-29 14:41:15','1995-05-17 19:55:04'),(52,1,'ducimus','Queenie','Howe',2,'1990-10-29',0,'Crookston','British Virgin Islands','mkemmer@example.org','1998-10-29 00:00:00','2008-02-17 14:06:09'),(53,1,'voluptatibus','Adam','Klein',1,'1993-11-15',0,'Loweland','Austria','ihamill@example.net','2001-11-15 00:00:00','2001-11-23 00:00:00'),(54,3,'vel','Mya','Williamson',2,'1993-02-15',0,'South Audra','Nepal','rossie.emmerich@example.com','2001-02-15 00:00:00','2001-02-23 00:00:00'),(55,1,'est','Lucas','Bode',1,'1955-07-28',0,'Libbiemouth','Saint Helena','rosamond72@example.net','1988-08-31 04:59:13','1991-08-24 15:54:29'),(56,1,'qui','Frederik','Kemmer',2,'1987-06-21',0,'Waltonshire','Cameroon','lgrant@example.org','2016-12-12 22:43:53','2016-12-20 22:43:53'),(57,1,'saepe','Maximillia','Blick',1,'1952-01-24',0,'Keeblerfurt','Vanuatu','reinger.nella@example.com','1984-12-27 11:43:30','2011-02-19 10:47:52'),(58,1,'ipsum','Colten','Kessler',1,'1989-07-12',0,'Runolfsdottirchester','Libyan Arab Jamahiriya','abernathy.ferne@example.net','1997-07-12 00:00:00','1997-07-20 00:00:00'),(59,1,'voluptas','Emory','McDermott',1,'1951-07-21',0,'Bergnaumton','Fiji','pweber@example.com','1980-01-07 01:18:35','2008-11-28 03:49:08'),(60,1,'ut','Blaze','Boyle',2,'1951-12-22',0,'New Sagebury','Lebanon','herminia41@example.net','2013-07-14 17:20:22','2013-07-22 17:20:22'),(61,2,'maxime','Shad','Hagenes',1,'1963-07-05',0,'Roobside','Botswana','jedediah03@example.com','1986-04-24 07:23:06','2017-12-25 05:15:12'),(62,1,'fuga','Albertha','Lehner',2,'1962-01-07',0,'New Sophie','Poland','wilmer00@example.com','2017-09-30 18:28:51','2017-10-08 18:28:51'),(63,1,'dolore','Anderson','Aufderhar',2,'1952-05-18',0,'Dahliaberg','Austria','gutmann.kelsi@example.org','2008-01-11 22:36:54','2008-01-19 22:36:54'),(64,1,'doloremque','Vince','Huels',1,'1985-11-23',0,'Rolfsonville','Cuba','oberbrunner.adah@example.org','1999-02-19 01:15:43','1999-02-27 01:15:43'),(65,1,'et','Althea','Thompson',1,'1988-05-12',0,'South Ericaborough','Tuvalu','miller.margarete@example.org','2011-11-16 07:50:10','2011-11-24 07:50:10'),(66,1,'debitis','Gavin','Braun',2,'1965-04-27',0,'West Aleenland','Cook Islands','rolson@example.net','2009-08-06 12:26:26','2009-08-14 12:26:26'),(67,1,'fugiat','Caden','Bradtke',2,'1962-06-18',0,'South Lavonne','Monaco','vbraun@example.net','2006-11-02 11:17:02','2006-11-10 11:17:02'),(68,2,'laborum','Larissa','Goodwin',2,'1984-12-27',0,'New Unique','Korea','sabryna29@example.com','1998-11-28 05:13:02','1998-12-06 05:13:02'),(69,1,'vitae','Elisabeth','Zemlak',1,'1977-05-30',0,'Lake Ford','French Southern Territories','howell.theron@example.net','1984-05-28 12:43:25','1987-11-12 17:41:52'),(70,1,'recusandae','Anne','Gutmann',1,'1984-05-12',0,'Melisaberg','Korea','moore.serenity@example.org','1990-05-16 08:05:35','1990-05-24 08:05:35'),(71,1,'est','Dale','Weimann',2,'1981-05-02',0,'Macyport','Romania','bayer.lamar@example.com','2016-12-03 08:11:53','2016-12-11 08:11:53'),(72,1,'sint','Nat','Stoltenberg',2,'1995-09-21',0,'Gibsonchester','Liechtenstein','vraynor@example.net','1996-09-27 11:20:47','1996-10-05 11:20:47'),(73,1,'odio','Nicholas','Murazik',2,'1955-10-07',0,'Virginiehaven','Barbados','wilburn.von@example.net','1989-12-04 18:36:24','1989-12-12 18:36:24'),(74,1,'nulla','Leonard','Heaney',2,'1954-12-17',0,'Charityland','Czech Republic','millie71@example.net','2017-02-15 17:16:05','2017-02-23 17:16:05'),(75,1,'et','Leslie','Johnston',1,'1959-01-21',0,'Urbanport','Rwanda','kamryn.rice@example.net','1970-09-02 21:56:17','2000-02-13 15:12:52'),(76,2,'consectetur','Theodora','Hilpert',2,'1981-09-15',0,'Lake Cartermouth','Canada','elyssa.white@example.org','1997-04-18 01:52:02','1997-04-26 01:52:02'),(77,1,'quia','Glennie','Fritsch',1,'1974-09-21',0,'Port Irwin','Ecuador','ccorwin@example.org','1974-12-08 17:58:50','2006-09-11 06:03:59'),(78,1,'minus','Rodrigo','Torphy',1,'1961-04-12',0,'South Wilhelmton','Netherlands','oframi@example.org','2009-01-03 13:47:37','2009-01-11 13:47:37'),(79,1,'velit','Shany','Prosacco',1,'1954-09-24',0,'Port Nicole','Bouvet Island (Bouvetoya)','paucek.nasir@example.net','1992-09-09 14:35:26','2018-07-29 22:33:46'),(80,3,'distinctio','Lupe','Walker',2,'1987-03-26',0,'North Earlenebury','Australia','rita.reynolds@example.com','2017-01-10 01:16:07','2017-01-18 01:16:07'),(81,1,'occaecati','Duncan','Raynor',2,'1970-08-03',0,'North Vanceville','Svalbard & Jan Mayen Islands','alexis.nicolas@example.com','2011-12-11 11:35:44','2011-12-19 11:35:44'),(82,1,'et','Myrtie','Dickinson',2,'1967-12-16',0,'Port Krystina','Greenland','adolphus65@example.org','1985-08-03 04:44:57','2008-04-14 16:32:22'),(83,1,'pariatur','Alfreda','Stiedemann',2,'1969-09-04',0,'West Jerrold','Iraq','murazik.milo@example.org','1978-01-11 19:49:58','2011-04-06 17:46:46'),(84,2,'voluptas','Abelardo','Klein',1,'1951-04-21',0,'New Kayceefurt','Poland','champlin.aditya@example.com','1996-09-23 20:54:10','2008-10-25 02:25:41'),(85,1,'aut','Allie','Glover',2,'1988-10-03',0,'Bechtelarside','Gabon','kathleen16@example.org','1996-10-03 00:00:00','1996-10-11 00:00:00'),(86,1,'quas','Gilbert','Mayer',2,'1951-06-25',0,'Kuhicberg','Cameroon','lhackett@example.org','1999-02-26 10:49:25','1999-03-06 10:49:25'),(87,1,'delectus','Domenica','Haag',2,'1952-02-22',0,'DuBuquehaven','Monaco','abshire.amani@example.net','1985-10-13 06:29:50','1985-10-21 06:29:50'),(88,1,'tempore','Jada','Sauer',2,'1994-04-05',0,'South Jackiehaven','Guinea-Bissau','myah.gerlach@example.com','2002-04-05 00:00:00','2002-04-13 00:00:00'),(89,1,'voluptatem','Manley','Schaefer',2,'1967-07-24',0,'South Gretchen','Tonga','ines21@example.org','1986-08-04 11:01:55','1986-08-12 11:01:55'),(90,2,'hic','Name','Shields',2,'1992-02-28',0,'Chetmouth','Antigua and Barbuda','ilene.schmidt@example.com','2000-02-28 00:00:00','2000-03-07 00:00:00'),(91,1,'suscipit','Mabelle','Miller',1,'1980-08-24',0,'Lake Elmira','Oman','gilda41@example.org','1988-08-24 00:00:00','1988-09-01 00:00:00'),(92,1,'recusandae','Monroe','Hahn',2,'1955-11-17',0,'South Oceanebury','Slovakia (Slovak Republic)','mking@example.org','2003-10-17 11:00:23','2003-10-25 11:00:23'),(93,3,'cumque','Sydnee','Gusikowski',1,'1965-04-10',0,'Feeneyfort','Philippines','larissa.treutel@example.org','2003-07-14 05:25:51','2003-07-22 05:25:51'),(94,3,'impedit','Francisca','Moen',2,'1958-06-17',0,'Port Reinhold','Lebanon','alisha.dooley@example.net','1988-01-12 07:50:35','2016-08-31 21:36:53'),(95,1,'consectetur','Emil','DuBuque',2,'1963-08-04',0,'Padbergton','Saint Kitts and Nevis','dorothea52@example.net','1988-07-01 07:48:03','1997-01-24 19:19:27'),(96,1,'aliquam','Shaniya','Walsh',1,'1980-08-30',0,'Maureenmouth','French Polynesia','joanny66@example.net','1988-08-30 00:00:00','1996-06-01 12:01:30'),(97,1,'at','Heath','Sipes',1,'1985-10-24',0,'Johnnyberg','Italy','myrtle48@example.net','1994-07-16 08:13:00','1994-07-24 08:13:00'),(98,1,'beatae','Gerardo','Metz',1,'1954-09-16',0,'Fritschshire','New Caledonia','brenna.lubowitz@example.net','1997-02-17 00:29:35','1997-02-25 00:29:35'),(99,1,'sed','Karley','Kovacek',2,'1986-06-08',0,'East Kurthaven','Kyrgyz Republic','ariel08@example.net','1994-06-08 00:00:00','1994-06-16 00:00:00'),(100,1,'nulla','Kaela','Wilkinson',2,'1973-06-29',0,'Karabury','Mozambique','nella24@example.org','1979-08-29 21:27:17','1979-09-06 21:27:17'),(101,1,'aspernatur','Fannie','Larkin',1,'1958-03-13',0,'South Hertaborough','Mauritius','fyost@example.com','2013-05-09 02:58:45','2013-05-17 02:58:45'),(102,3,'odit','Hulda','Hand',2,'1981-11-02',0,'South Rollin','Guyana','marianna02@example.net','1985-08-20 23:37:26','1990-12-10 01:56:01'),(103,1,'temporibus','Coby','Murphy',1,'1980-11-13',0,'Lucasview','Honduras','slind@example.org','1988-07-31 17:39:08','2014-09-12 18:10:55'),(104,1,'voluptatem','Virginie','Ritchie',2,'1990-02-23',0,'Schowalterchester','Montserrat','erdman.helen@example.com','1998-02-23 00:00:00','1998-03-03 00:00:00'),(105,1,'facere','Emmitt','Schaefer',1,'1979-05-17',0,'Jailynfurt','Egypt','pswift@example.org','2015-11-02 04:41:03','2015-11-10 04:41:03'),(106,1,'ea','Madeline','Hansen',2,'1998-11-30',0,'North Gordonfort','Japan','vito.waters@example.net','2006-11-30 00:00:00','2006-12-08 00:00:00'),(107,1,'maxime','Bonita','Kutch',1,'1959-10-28',0,'Kameronland','Liberia','vhartmann@example.org','1976-08-09 03:10:25','1986-01-14 07:05:22'),(108,1,'praesentium','Darien','Schiller',1,'1960-03-20',0,'Littelport','Papua New Guinea','kreinger@example.org','2015-06-22 08:44:39','2015-06-30 08:44:39'),(109,1,'et','Jeremy','Howell',2,'1973-05-31',0,'East Katherine','French Polynesia','etha67@example.com','1985-05-02 11:56:09','1988-04-05 04:14:18'),(110,1,'blanditiis','Zechariah','Strosin',2,'1967-04-13',0,'Gracielaberg','Bouvet Island (Bouvetoya)','anastacio.hodkiewicz@example.org','1981-05-26 14:48:19','1993-01-12 00:19:17'),(111,1,'est','Laverne','Boyer',1,'1960-11-19',0,'Stiedemannchester','Afghanistan','ojakubowski@example.net','1978-10-28 23:41:46','1979-04-04 19:30:41'),(112,1,'architecto','Hayley','Rau',2,'1961-03-18',0,'New Gardner','San Marino','cartwright.guiseppe@example.org','2017-03-05 09:35:50','2017-03-13 09:35:50'),(113,1,'minima','Van','Reinger',2,'1967-01-04',0,'Port Clemens','Monaco','irving.runte@example.org','1999-12-12 08:26:38','1999-12-20 08:26:38'),(114,1,'reprehenderit','Juvenal','Streich',2,'1964-10-10',0,'Raefurt','Saint Vincent and the Grenadines','franco.kuhn@example.net','2010-09-29 05:36:37','2010-10-07 05:36:37'),(115,1,'id','Doyle','Witting',1,'1970-05-02',0,'Lake Kristian','New Caledonia','ernie.huels@example.org','2008-03-07 12:21:25','2008-03-15 12:21:25'),(116,1,'cum','Adolfo','Haag',2,'1959-11-08',0,'North Tyrelton','Gibraltar','anissa78@example.com','1976-06-06 17:56:37','1990-06-25 09:22:16'),(117,1,'earum','Barrett','Jones',1,'1971-09-17',0,'Barrettland','Cuba','david85@example.com','2012-09-23 02:10:13','2019-09-25 20:52:32'),(118,2,'quia','Leatha','Kub',2,'1964-01-11',0,'North Alexys','Mozambique','pfeffer.izaiah@example.org','1998-11-21 04:45:38','1998-11-29 04:45:38'),(119,1,'est','Dessie','Olson',1,'1980-02-11',0,'Champlinberg','Italy','schuster.kaylee@example.com','1996-01-29 13:36:32','1996-02-06 13:36:32'),(120,1,'totam','Meaghan','Murphy',2,'1968-04-14',0,'Stromanborough','Grenada','becker.titus@example.net','2013-03-29 17:52:25','2015-03-21 17:08:02'),(121,1,'eos','Carrie','Schiller',2,'1967-09-02',0,'Lake Forrest','Slovakia (Slovak Republic)','norene.huels@example.org','1987-12-12 05:42:41','2013-04-22 07:26:36'),(122,1,'quasi','Ulises','Weber',2,'1980-02-26',0,'Satterfieldberg','Nauru','isaias20@example.com','1989-05-21 18:29:55','1995-12-16 22:54:39'),(123,1,'quos','Sonia','Orn',1,'1959-04-10',0,'Nitzschebury','Cape Verde','rempel.andres@example.net','1995-05-02 09:32:14','1995-05-10 09:32:14'),(124,1,'a','Salvador','Daugherty',1,'1961-02-11',0,'Lake Wilfredton','Isle of Man','jpadberg@example.com','2008-12-03 14:15:29','2008-12-11 14:15:29'),(125,1,'voluptatem','Gardner','Grant',2,'1972-08-13',0,'East Ada','French Polynesia','kamryn.weissnat@example.net','2000-08-16 20:57:38','2000-08-24 20:57:38'),(126,3,'eum','Felipa','Leannon',2,'1997-01-25',0,'Leathaberg','Greece','gabe.breitenberg@example.com','2005-06-16 02:09:43','2005-06-24 02:09:43'),(127,1,'dolores','Ian','McLaughlin',2,'1957-04-30',0,'East Moises','Anguilla','nathan22@example.net','1990-08-16 14:41:09','1990-08-24 14:41:09'),(128,1,'error','Cassandra','Armstrong',1,'1971-08-01',0,'New Hobart','New Zealand','kyle.ruecker@example.net','1998-12-22 17:38:49','1998-12-30 17:38:49'),(129,3,'in','Giuseppe','Grant',2,'1993-12-01',0,'Treutelchester','Malta','ullrich.leonardo@example.net','2016-10-02 15:07:51','2016-10-10 15:07:51'),(130,1,'rerum','Sabryna','Lang',1,'1981-11-26',0,'Rempelshire','Serbia','qheidenreich@example.org','1995-11-17 17:54:50','1995-11-25 17:54:50'),(131,1,'hic','Aaliyah','Kuvalis',1,'1972-01-24',0,'Russellchester','Puerto Rico','jacynthe33@example.com','1984-07-23 02:10:11','1984-07-31 02:10:11'),(132,1,'dicta','Isadore','Blick',2,'1999-01-31',0,'Tomtown','Azerbaijan','lisandro.skiles@example.com','2007-01-31 00:00:00','2007-02-08 00:00:00'),(133,1,'quisquam','Flossie','Mills',2,'1985-03-14',0,'Karolannhaven','Saint Barthelemy','lina.jerde@example.com','2017-07-28 02:45:45','2017-08-05 02:45:45'),(134,1,'et','Wallace','Batz',2,'1988-07-09',0,'South Deonte','British Indian Ocean Territory (Chagos Archipelago)','einar.d\'amore@example.com','1996-07-09 00:00:00','2002-03-31 00:10:41'),(135,1,'est','Toy','Bogisich',2,'1951-07-04',0,'Christinechester','Bahrain','stanford.nader@example.com','2012-12-21 04:46:32','2020-03-20 01:45:22'),(136,1,'ut','Elise','Bayer',2,'1998-01-03',0,'Shaniaborough','Thailand','plynch@example.net','2007-11-25 19:25:52','2007-12-03 19:25:52'),(137,1,'deserunt','Amya','Dooley',1,'1985-11-27',0,'Lake Geovanytown','Hungary','qpollich@example.com','2017-01-12 21:01:57','2017-01-20 21:01:57'),(138,1,'fugiat','Tobin','Rippin',2,'1976-03-29',0,'Leuschkeburgh','United Arab Emirates','pswaniawski@example.com','1981-05-23 08:56:48','1981-05-31 08:56:48'),(139,1,'maxime','Meagan','Waters',2,'1961-12-11',0,'Hahnbury','Fiji','donnelly.harrison@example.net','2003-10-15 02:20:40','2012-05-07 04:05:22'),(140,1,'molestiae','Savannah','Davis',2,'1996-09-16',0,'Daijachester','Mayotte','kiana24@example.org','2018-04-21 15:06:28','2018-04-29 15:06:28'),(141,1,'similique','Josephine','Feeney',1,'1978-07-24',0,'East Marcohaven','Georgia','hthompson@example.net','2008-11-30 17:24:40','2011-11-15 03:52:04'),(142,1,'laudantium','Robin','O\'Kon',2,'1978-04-28',0,'Boscoland','Maldives','albertha08@example.org','2012-12-19 13:10:23','2012-12-27 13:10:23'),(143,3,'reprehenderit','Melody','Strosin',1,'1987-07-01',0,'Isabelborough','Tonga','spinka.jude@example.net','1991-02-16 02:11:50','1991-02-24 02:11:50'),(144,1,'aut','Assunta','Okuneva',1,'1957-12-01',0,'Kerlukemouth','Falkland Islands (Malvinas)','schneider.graciela@example.org','2004-06-14 13:17:08','2004-06-22 13:17:08'),(145,2,'incidunt','Vincenzo','Pfannerstill',2,'1988-03-15',0,'Walterview','Latvia','kane97@example.net','2019-11-07 06:11:59','2019-11-15 06:11:59'),(146,1,'ratione','Weldon','Reichert',2,'1987-02-24',0,'Jakubowskiberg','Norway','mitchell.austin@example.net','1995-02-24 00:00:00','1995-03-04 00:00:00'),(147,1,'deleniti','Lera','Nienow',2,'1974-09-10',0,'Maybelleville','Guinea','kub.clemmie@example.org','2002-07-19 05:29:59','2014-04-14 12:05:58'),(148,2,'magnam','Rosalyn','Abshire',1,'1966-05-22',0,'New Jett','Angola','mervin53@example.net','1983-08-22 17:04:49','1983-08-30 17:04:49'),(149,1,'adipisci','Melody','Metz',1,'1986-03-30',0,'Dominicmouth','Micronesia','elenor.fisher@example.net','1994-03-30 00:00:00','1994-04-07 00:00:00'),(150,1,'saepe','Gwen','Bode',2,'1997-05-02',0,'North Newton','Slovenia','kennedy.cummerata@example.net','2001-02-28 08:23:23','2001-03-08 08:23:23'),(151,1,'natus','Anais','Champlin',2,'1991-06-12',0,'Lynchfort','Mauritius','ellis.mante@example.com','1998-05-27 01:28:31','2013-08-20 00:07:53'),(152,1,'explicabo','Rosie','Lind',1,'1972-11-12',0,'New Keyshawn','Equatorial Guinea','karianne35@example.com','1992-12-02 06:49:27','1999-12-12 12:04:05'),(153,1,'sed','Garrett','Parker',2,'1997-08-12',0,'Lake Kennedi','Iran','iframi@example.com','2005-08-12 00:00:00','2005-08-20 00:00:00'),(154,3,'debitis','Hailee','Kassulke',2,'1996-04-18',0,'North Cotyton','Fiji','eichmann.caesar@example.com','1997-01-15 05:01:38','1998-02-28 20:58:13'),(155,3,'totam','Eve','Barrows',1,'2000-01-29',0,'Considinehaven','Cyprus','mccullough.verdie@example.com','2008-01-29 00:00:00','2008-02-06 00:00:00'),(156,1,'iste','Rosalyn','Baumbach',2,'1997-06-17',0,'Towneshire','Argentina','arjun87@example.net','1998-05-01 13:51:53','2008-09-17 09:32:29'),(157,1,'est','Katrine','Sporer',1,'1958-07-28',0,'Lake Carmeloburgh','Heard Island and McDonald Islands','eleonore28@example.net','1990-01-22 23:35:06','2004-08-04 13:09:08'),(158,1,'voluptas','Carroll','Pfannerstill',1,'1985-02-04',0,'East Alison','Belgium','tyreek88@example.net','1993-02-04 00:00:00','2015-02-06 00:23:01'),(159,1,'corrupti','Lance','Hettinger',1,'1968-05-01',0,'North Katrina','Tuvalu','lester.goodwin@example.net','1983-11-30 05:00:04','1997-01-18 04:58:23'),(160,1,'dolore','Margret','Grady',2,'1975-05-08',0,'West Bessie','Netherlands','kamille12@example.org','2008-06-18 05:26:50','2013-03-11 14:19:05'),(161,1,'rerum','Graham','Lang',1,'1988-09-27',0,'Sanfordview','Zambia','murray.feest@example.com','1996-09-27 00:00:00','1996-10-05 00:00:00'),(162,1,'consequatur','Brycen','Turner',2,'1951-04-18',0,'Schustermouth','Guinea','daugherty.valerie@example.net','2016-04-21 01:50:51','2016-04-29 01:50:51'),(163,1,'eaque','Edd','Braun',1,'1982-10-28',0,'Lake Leonie','Singapore','justice34@example.org','2020-05-14 20:51:13','2020-05-22 20:51:13'),(164,1,'dolores','Mekhi','Abshire',1,'1990-09-29',0,'North Vilma','Angola','cecil.medhurst@example.com','2005-12-03 16:19:32','2005-12-11 16:19:32'),(165,3,'ratione','Kian','Howe',1,'1953-12-24',0,'Brendamouth','Palestinian Territory','guiseppe23@example.org','1970-04-18 18:21:00','2011-02-27 02:56:19'),(166,1,'mollitia','Gudrun','Huel',1,'1999-06-17',0,'Osinskimouth','Guinea','darrion85@example.net','2007-06-17 00:00:00','2007-06-25 00:00:00'),(167,1,'non','Mollie','Okuneva',1,'1987-02-25',0,'Russelberg','Macao','kautzer.laurel@example.org','1995-02-25 00:00:00','1995-03-05 00:00:00'),(168,1,'sit','Andres','Ruecker',1,'1984-07-02',0,'New Glennieburgh','Kyrgyz Republic','kennith67@example.com','1989-02-08 06:16:55','2018-05-06 19:05:49'),(169,1,'expedita','Tomas','Schumm',1,'1992-07-02',0,'Port Eugenia','Guam','littel.audreanne@example.net','2012-12-29 00:45:25','2015-11-17 15:14:19'),(170,1,'facere','Tiana','Nicolas',1,'2000-11-04',0,'Klingside','New Caledonia','keebler.jabari@example.org','2005-11-04 00:00:00','2005-11-12 00:00:00'),(171,1,'et','Alva','Reynolds',2,'1964-08-05',0,'Madisonland','Grenada','maci51@example.com','1985-02-14 04:54:13','2013-04-24 12:38:36'),(172,1,'dolores','Myron','Herzog',1,'1997-07-26',0,'Dorianborough','Turkey','zola28@example.net','2005-07-26 00:00:00','2008-07-13 09:54:11'),(173,1,'omnis','Lula','Labadie',2,'1967-04-16',0,'New Reynaview','Macao','layne.rosenbaum@example.com','1983-06-17 11:04:07','1996-11-27 23:06:34'),(174,1,'facere','Joaquin','Osinski',2,'1989-02-22',0,'East Retaborough','Albania','bruce.mclaughlin@example.net','1997-02-22 00:00:00','2007-11-30 23:47:01'),(175,1,'ut','Arthur','Rohan',1,'1985-05-16',0,'North Arlenebury','Grenada','cartwright.brad@example.org','2005-01-07 19:43:05','2005-01-15 19:43:05'),(176,1,'corrupti','Graham','Hagenes',2,'1963-02-18',0,'Haneport','Holy See (Vatican City State)','mack28@example.net','1989-09-06 17:19:49','1989-09-14 17:19:49'),(177,1,'dignissimos','Camren','Berge',1,'1972-09-23',0,'North Jamarside','Seychelles','deja.hansen@example.net','2002-09-09 06:49:47','2002-09-17 06:49:47'),(178,1,'maiores','Dayna','Predovic',1,'1969-05-14',0,'West Carterton','Gabon','qklocko@example.net','1992-02-10 19:13:16','1992-02-18 19:13:16'),(179,1,'aspernatur','Meghan','Reilly',2,'1996-06-13',0,'East Maegan','Haiti','angelo.carroll@example.org','2008-09-24 14:39:11','2008-10-02 14:39:11'),(180,1,'occaecati','Lessie','Adams',2,'1999-12-09',0,'New Nicolettefort','Svalbard & Jan Mayen Islands','miles.reilly@example.com','2007-12-09 00:00:00','2007-12-17 00:00:00'),(181,1,'similique','Augusta','Green',2,'1986-11-06',0,'Maudieberg','Bulgaria','dcronin@example.org','2015-12-22 11:08:48','2015-12-30 11:08:48'),(182,2,'facilis','Misael','Kling',2,'2000-09-03',0,'North Otha','Ireland','benton.kub@example.net','2015-10-23 08:01:45','2015-10-31 08:01:45'),(183,1,'rem','Dagmar','Bartell',1,'1989-07-14',0,'Brionnamouth','South Africa','schoen.gianni@example.net','1997-07-14 00:00:00','2007-06-24 05:13:47'),(184,1,'itaque','Bianka','Fahey',2,'1961-02-26',0,'Lake Evans','Marshall Islands','qrau@example.com','1995-02-17 19:14:15','1995-02-25 19:14:15'),(185,1,'atque','Demarcus','Gerhold',2,'1972-02-05',0,'South Meggie','Tajikistan','jcarroll@example.com','1980-02-05 00:00:00','2015-04-30 07:35:19'),(186,3,'qui','Ned','Bernhard',1,'1973-10-25',0,'Carmeloside','Turkmenistan','ceffertz@example.org','2001-02-24 04:05:41','2001-03-04 04:05:41'),(187,1,'odit','Elliott','Bahringer',2,'1995-08-01',0,'Lake Jaden','Canada','wd\'amore@example.org','2003-08-01 00:00:00','2005-03-29 20:12:50'),(188,1,'et','Lula','Stroman',1,'1951-06-23',0,'Legrosburgh','Jordan','aubrey33@example.com','2017-03-25 13:54:19','2017-04-02 13:54:19'),(189,1,'ea','Otilia','Erdman',2,'1984-05-17',0,'West Osbaldoview','British Virgin Islands','mikayla87@example.net','1997-11-27 13:09:46','2018-07-08 04:06:12'),(190,1,'accusantium','Alberto','Gaylord',1,'1992-12-28',0,'Gleichnerland','Falkland Islands (Malvinas)','vonrueden.reilly@example.org','2010-06-11 16:12:13','2010-06-19 16:12:13'),(191,1,'corrupti','Nelson','Koss',2,'1997-08-25',0,'Kutchbury','Andorra','obode@example.org','2005-08-25 00:00:00','2014-03-08 08:25:23'),(192,1,'quam','River','Hoppe',1,'1958-05-03',0,'East Julianneborough','French Southern Territories','trystan.ritchie@example.com','2017-02-01 12:47:14','2017-02-09 12:47:14'),(193,1,'illum','Jennings','Zulauf',2,'1972-01-28',0,'Kamrontown','Puerto Rico','koch.elody@example.net','1980-01-28 00:00:00','2014-11-23 23:30:39'),(194,1,'voluptate','Hobart','Beier',1,'1976-11-14',0,'West Aracely','Seychelles','creilly@example.net','2019-07-14 22:28:02','2019-07-22 22:28:02'),(195,1,'sed','Braden','Steuber',2,'1998-01-07',0,'North Rosinashire','Seychelles','torphy.leonora@example.com','2009-07-26 05:15:55','2009-08-03 05:15:55'),(196,2,'repellendus','Cora','Bechtelar',1,'1975-05-03',0,'Jacobstown','Kuwait','jlakin@example.net','1991-07-03 12:30:09','2012-01-03 19:58:45'),(197,1,'sapiente','Daphney','Emard',2,'1994-01-16',0,'New Emilefort','Uganda','bogisich.geraldine@example.org','2003-01-21 12:05:53','2009-09-16 09:05:07'),(198,1,'sint','Gladys','Keeling',1,'1958-01-17',0,'Kayleighmouth','Morocco','rrogahn@example.net','1986-08-27 09:43:58','2019-08-16 18:17:02'),(199,1,'vel','Sharon','Marquardt',1,'1999-04-16',0,'Reynoldsstad','Montserrat','kaley63@example.com','2007-04-16 00:00:00','2007-04-24 00:00:00'),(200,1,'quod','Mathias','Schowalter',2,'1960-04-08',0,'East Garret','Afghanistan','easton.gleichner@example.net','1991-04-13 08:11:47','1995-07-03 05:53:41'),(201,1,'omnis','Brandy','Lang',2,'1988-06-29',0,'South Giovanimouth','Saint Pierre and Miquelon','gbeier@example.org','1996-06-29 00:00:00','1996-07-07 00:00:00'),(202,1,'et','Jayce','Nienow',2,'1972-09-14',0,'Lelahburgh','Aruba','vida33@example.com','2003-02-25 00:09:55','2003-03-05 00:09:55'),(203,1,'occaecati','Dale','Mante',1,'1977-12-23',0,'West Americastad','British Indian Ocean Territory (Chagos Archipelago)','lbarrows@example.com','2015-02-07 23:11:43','2015-02-15 23:11:43'),(204,1,'quisquam','Zachary','Lehner',2,'1994-01-02',0,'Kihnmouth','British Indian Ocean Territory (Chagos Archipelago)','adoyle@example.org','2010-07-04 03:37:12','2010-07-12 03:37:12'),(205,1,'in','Kacey','Oberbrunner',2,'1996-10-30',0,'Ewaldport','Central African Republic','jules.armstrong@example.net','2004-10-30 00:00:00','2007-02-22 08:51:37'),(206,1,'dolorem','Jaida','Carter',2,'1951-06-02',0,'New Laylaport','Malaysia','igleichner@example.org','2008-08-09 17:33:39','2008-08-17 17:33:39'),(207,1,'veritatis','Alvah','Wiegand',1,'1980-05-12',0,'Lake Claudeside','Norway','malvina.flatley@example.org','2003-12-26 10:12:20','2006-01-31 10:20:49'),(208,1,'ut','Geraldine','Rowe',1,'1962-11-10',0,'Casandrabury','Bahamas','sveum@example.net','1982-07-19 14:19:41','2018-08-19 18:12:27'),(209,1,'velit','Felipe','Zieme',1,'1958-05-17',0,'Zulauffort','Algeria','ztoy@example.net','2014-12-30 16:48:25','2015-01-07 16:48:25'),(210,1,'ut','Jon','Dickens',1,'1967-12-14',0,'Nitzscheberg','Saint Barthelemy','gail29@example.org','2016-09-28 04:10:51','2016-10-06 04:10:51'),(211,1,'reprehenderit','Augusta','Dickinson',1,'1994-11-07',0,'Kiarraville','Macao','gerald55@example.net','2019-04-18 13:15:57','2019-04-26 13:15:57'),(212,1,'culpa','Arnoldo','Torphy',1,'1959-03-02',0,'Port Robertoland','Argentina','alva44@example.org','1988-05-18 08:21:59','1988-05-26 08:21:59'),(213,1,'blanditiis','Eusebio','Gibson',2,'1965-07-23',0,'New Lesleychester','Libyan Arab Jamahiriya','cmccullough@example.org','2013-05-12 19:10:46','2013-08-24 16:08:42'),(214,1,'ea','Cloyd','O\'Reilly',1,'1975-02-19',0,'West Wilford','China','lenore78@example.org','1985-08-07 18:03:36','2018-04-12 07:00:04'),(215,1,'et','Royal','Turcotte',1,'1973-08-15',0,'Kutchshire','Korea','zella.anderson@example.net','1979-07-23 22:41:21','1998-08-20 16:10:55'),(216,1,'amet','Maye','Schiller',2,'1974-11-03',0,'West Justenport','Singapore','stone17@example.com','1979-12-24 01:43:55','1980-01-01 01:43:55'),(217,1,'quia','Gay','Carroll',1,'1987-09-15',0,'Abigailshire','British Virgin Islands','john.gaylord@example.com','2002-03-29 18:40:12','2002-04-06 18:40:12'),(218,1,'voluptate','Lexi','Hane',2,'1998-02-11',0,'Lake Damian','Bolivia','domenic.hegmann@example.net','2017-04-13 19:46:29','2017-04-21 19:46:29'),(219,1,'provident','Emmitt','Schaefer',2,'1981-11-11',0,'West Efrainmouth','Vanuatu','dbashirian@example.net','1989-11-11 00:00:00','1989-11-19 00:00:00'),(220,1,'repellat','Nils','Hintz',2,'1983-06-25',0,'East Shayleestad','Pakistan','morar.eleazar@example.com','1986-06-05 15:19:47','1986-06-13 15:19:47'),(221,1,'aut','Schuyler','Dickinson',2,'1953-11-05',0,'New Niko','Bhutan','jaskolski.jamaal@example.net','1978-09-08 16:15:27','1979-11-21 17:57:43'),(222,1,'non','Cade','O\'Keefe',2,'1962-05-27',0,'East Angelita','Albania','rossie.dibbert@example.com','1989-12-17 18:10:15','1997-08-25 00:23:19'),(223,1,'quia','Frederic','Konopelski',1,'1988-07-03',0,'Lake Jasonland','Uganda','rhianna50@example.com','1996-07-03 00:00:00','1996-07-11 00:00:00'),(224,1,'unde','Alisha','Strosin',1,'1982-08-13',0,'West Darien','Dominican Republic','wdibbert@example.net','1983-08-18 12:18:24','1983-08-26 12:18:24'),(225,1,'non','Heath','Huels',1,'1956-01-07',0,'Carolannestad','Wallis and Futuna','elmer01@example.org','2015-03-10 16:53:47','2015-03-18 16:53:47'),(226,1,'ratione','Nolan','Crona',1,'1960-11-14',0,'Wolfstad','Brazil','medhurst.floyd@example.net','1972-07-04 17:22:17','2014-09-29 14:52:12'),(227,1,'aut','Kelley','Jakubowski',2,'1956-08-11',0,'Danielstad','Guatemala','derick.herzog@example.net','2011-01-04 19:30:34','2011-01-12 19:30:34'),(228,3,'nobis','Aaron','Rolfson',2,'1958-01-19',0,'Vonview','Brunei Darussalam','goldner.junius@example.net','2006-02-20 02:54:31','2019-11-29 10:27:02'),(229,1,'praesentium','Emil','Bogan',1,'1992-12-02',0,'Port Sadye','Mauritius','yromaguera@example.com','2000-12-02 00:00:00','2010-05-21 11:04:34'),(230,1,'est','Aubree','Robel',1,'1963-03-15',0,'North Brennon','Afghanistan','muhammad43@example.com','2000-09-17 18:07:27','2000-09-25 18:07:27'),(231,2,'fuga','Brock','Klein',2,'1998-03-04',0,'South Stevebury','Guernsey','vonrueden.stuart@example.com','2010-01-20 20:06:12','2010-01-28 20:06:12'),(232,1,'temporibus','Johnnie','Wiegand',2,'1976-10-04',0,'Port Sandrine','Libyan Arab Jamahiriya','swalter@example.org','1990-03-16 22:06:43','1990-03-24 22:06:43'),(233,1,'veniam','Alan','Terry',2,'1959-08-30',0,'Rippinland','Malta','armstrong.talia@example.com','2012-01-20 18:02:50','2012-01-28 18:02:50'),(234,1,'quod','Jason','Renner',1,'1998-09-20',0,'South Kameron','Italy','darby.lueilwitz@example.net','2006-09-20 00:00:00','2006-09-28 00:00:00'),(235,1,'ut','Nyah','Walsh',1,'1970-07-18',0,'East Tyrell','Cyprus','jacobi.clare@example.net','2012-04-12 12:18:42','2012-04-20 12:18:42'),(236,1,'eos','Destini','Waters',1,'1956-01-26',0,'East Cheyanne','Palestinian Territory','morar.stella@example.net','2002-12-28 10:41:34','2003-01-05 10:41:34'),(237,2,'et','Leone','Cormier',2,'1969-08-18',0,'Nikkohaven','Singapore','blaise93@example.com','1974-06-27 17:39:00','1977-04-15 22:04:01'),(238,1,'deleniti','Eryn','Jakubowski',1,'1987-03-03',0,'Port Sabrina','Ethiopia','madge19@example.com','1996-07-04 08:39:40','1996-07-12 08:39:40'),(239,1,'repellendus','Estelle','Schowalter',2,'1990-07-20',0,'South Agustin','Uzbekistan','shields.izaiah@example.net','1998-07-20 00:00:00','1998-07-28 00:00:00'),(240,1,'dolor','Michael','VonRueden',2,'1966-08-12',0,'Westleyland','American Samoa','emard.santos@example.com','1991-12-25 09:09:12','1995-09-26 13:05:27'),(241,1,'fugit','Cloyd','Champlin',1,'1984-12-26',0,'New Aditya','Falkland Islands (Malvinas)','alvis.legros@example.com','1987-02-18 01:20:01','1987-02-26 01:20:01'),(242,1,'non','Brice','Tillman',2,'1984-12-09',0,'Port Ophelia','Ireland','isobel.morar@example.net','1992-12-09 00:00:00','1998-06-29 16:43:47'),(243,2,'sit','Colleen','Fritsch',2,'1981-04-20',0,'East Horaceshire','Sao Tome and Principe','o\'hara.amelie@example.com','2019-09-11 00:44:22','2019-09-19 00:44:22'),(244,1,'natus','Marina','Aufderhar',2,'1983-04-04',0,'Skilesport','Egypt','dante37@example.net','1984-05-22 09:59:25','2009-03-05 19:27:40'),(245,1,'aut','Abbey','Luettgen',1,'1955-01-22',0,'North Estell','Sri Lanka','west.karina@example.org','1993-10-27 17:17:41','1993-11-04 17:17:41'),(246,1,'pariatur','Keeley','Roob',2,'1959-05-19',0,'Kelvinshire','Jersey','ssmith@example.net','2014-02-09 07:55:20','2014-02-17 07:55:20'),(247,1,'sit','Marianna','Nikolaus',2,'1972-01-22',0,'New Marquesville','Grenada','hbrakus@example.net','2009-11-18 17:44:26','2016-02-28 22:00:43'),(248,1,'autem','Liliane','Labadie',1,'1951-09-30',0,'Moseport','Heard Island and McDonald Islands','lorenzo.bechtelar@example.org','1986-10-11 17:42:06','2006-07-21 09:03:39'),(249,1,'veritatis','Nash','Cruickshank',2,'1998-09-23',0,'Champlinstad','French Guiana','flavie84@example.org','2006-09-23 00:00:00','2006-10-01 00:00:00'),(250,1,'in','Dannie','Abbott',2,'1977-06-12',0,'East Valentina','Taiwan','schulist.sydnee@example.net','1985-06-12 00:00:00','1995-07-21 18:36:38'),(251,2,'nesciunt','Jerome','Prohaska',2,'1960-02-20',0,'New Anika','Costa Rica','elissa.zulauf@example.org','2004-12-01 15:46:48','2004-12-09 15:46:48'),(252,2,'et','Kip','Lynch',1,'1987-05-18',0,'Lake Hope','Panama','dsawayn@example.net','1989-10-05 03:30:05','2015-11-18 21:34:09'),(253,1,'est','Hortense','Feil',2,'1969-11-06',0,'Beahanside','Cook Islands','felipa09@example.com','1985-03-27 20:38:48','1998-10-24 16:59:57'),(254,1,'velit','Lisette','Stiedemann',2,'1954-12-01',0,'West Keatonberg','French Polynesia','braden.ernser@example.org','2007-08-31 05:16:19','2007-09-08 05:16:19'),(255,1,'aliquam','Tod','Kris',2,'1962-06-03',0,'North Mckenzieshire','Norway','zoila.schuster@example.net','1997-03-25 00:35:57','2000-01-09 21:08:13'),(256,1,'quibusdam','Susana','Cassin',1,'1979-08-30',0,'Port Soniaborough','Iraq','lukas31@example.com','1987-08-30 00:00:00','1987-09-07 00:00:00'),(257,1,'cum','Wanda','Abbott',1,'1982-01-13',0,'New Gersonmouth','Montserrat','xboyer@example.net','2010-10-18 12:10:54','2010-10-26 12:10:54'),(258,1,'laborum','Cordia','Boyle',2,'1972-11-03',0,'South Demetris','Afghanistan','loyce.grimes@example.com','1997-07-11 06:50:16','1997-07-19 06:50:16'),(259,1,'rem','Sally','Collins',2,'1961-09-23',0,'Vivienneland','Hungary','kamren.murray@example.org','2018-10-08 20:24:39','2018-10-16 20:24:39'),(260,1,'nulla','Katrina','Schoen',2,'1951-08-09',0,'Clarkmouth','United Kingdom','batz.mervin@example.net','2004-04-23 17:05:25','2020-05-18 11:50:50'),(261,3,'eaque','Ariel','Wolff',2,'1992-08-30',0,'Schmelerchester','Macao','elfrieda45@example.net','1993-11-16 12:38:06','2016-07-15 06:46:46'),(262,3,'nemo','Stevie','Carroll',1,'1984-09-09',0,'Port Ernestinafort','Egypt','reid.dickinson@example.com','2018-05-04 04:53:05','2018-05-12 04:53:05'),(263,1,'ullam','Billie','DuBuque',1,'1954-06-02',0,'Arnomouth','Panama','casandra.kiehn@example.com','1990-03-31 19:30:19','1990-04-08 19:30:19'),(264,1,'alias','Deanna','Kling',2,'1994-03-03',0,'Port Jasper','Norway','howe.ahmad@example.net','2004-12-16 16:16:43','2004-12-24 16:16:43'),(265,1,'adipisci','Eldred','Sawayn',1,'1953-12-25',0,'Alicestad','Cyprus','tward@example.net','2008-03-03 20:40:28','2008-03-11 20:40:28'),(266,1,'voluptatem','Luigi','Zieme',2,'1970-09-07',0,'Yesseniafurt','Chile','wilford.konopelski@example.org','1973-06-01 05:24:56','1993-06-30 23:27:43'),(267,1,'commodi','Martine','Dicki',2,'1991-03-22',0,'New Leonie','Vanuatu','brakus.unique@example.com','2002-08-01 00:38:38','2007-10-27 23:46:58'),(268,2,'rerum','Rowan','Strosin',1,'1966-03-01',0,'Elinoreberg','Colombia','volkman.elvera@example.com','1981-11-25 07:43:49','2004-11-09 12:50:41'),(269,3,'aspernatur','Kory','Bernhard',2,'1991-04-08',0,'Adolphbury','Saint Kitts and Nevis','parker.nat@example.net','1999-04-08 00:00:00','2015-05-11 09:30:24'),(270,2,'aut','Mateo','Bins',2,'1969-07-17',0,'Brianmouth','Burundi','zquigley@example.org','1989-09-16 03:52:17','2006-08-08 04:20:04'),(271,1,'repellendus','Elinor','Harris',1,'1952-03-21',0,'North Heberbury','Sierra Leone','martina.buckridge@example.org','1981-08-22 16:59:46','2000-04-19 02:46:15'),(272,1,'quasi','Bria','Trantow',2,'1956-08-18',0,'O\'Connellburgh','Western Sahara','katlyn.lindgren@example.org','2002-05-02 02:40:21','2019-01-25 11:13:03'),(273,2,'beatae','Uriah','Heidenreich',1,'1982-12-13',0,'Reynoldsbury','Guinea-Bissau','javon60@example.net','1990-12-13 00:00:00','1990-12-21 00:00:00'),(274,1,'aut','Darion','Franecki',1,'1991-10-29',0,'Port Durwardhaven','Seychelles','dooley.alek@example.com','1999-10-29 00:00:00','1999-11-06 00:00:00'),(275,1,'iure','Brigitte','Cremin',2,'1997-10-23',0,'Lilyborough','New Zealand','angela.dietrich@example.com','2010-06-29 15:00:38','2010-07-07 15:00:38'),(276,1,'nesciunt','Kennedi','Shanahan',1,'1968-03-24',0,'New Zoeyview','Madagascar','apredovic@example.org','1978-12-09 13:37:05','2007-08-15 07:30:19'),(277,1,'repellendus','August','Wisoky',2,'1977-10-23',0,'Lake Jermain','American Samoa','huel.jalyn@example.net','2019-09-19 05:37:01','2019-09-27 05:37:01'),(278,1,'sint','Jimmie','Abernathy',2,'1971-09-29',0,'Beckerhaven','Swaziland','deja.bahringer@example.org','1993-01-19 21:24:31','1993-01-27 21:24:31'),(279,3,'dolorem','Connie','Goyette',2,'1980-02-03',0,'Sammiechester','Azerbaijan','jaskolski.jerrod@example.org','1988-02-03 00:00:00','1988-02-11 00:00:00'),(280,1,'ut','Juliana','Labadie',1,'1988-03-20',0,'Port Adella','Lao People\'s Democratic Republic','carson.kozey@example.org','1993-12-13 20:10:22','1993-12-21 20:10:22'),(281,1,'fuga','Shanon','Macejkovic',1,'1971-05-01',0,'Hamillchester','Faroe Islands','wolson@example.com','2001-09-16 05:36:31','2001-09-24 05:36:31'),(282,1,'velit','Anabel','Leffler',2,'1952-06-02',0,'McDermottborough','China','hintz.abby@example.org','2012-06-11 12:51:40','2017-03-04 07:00:41'),(283,2,'sint','Roberto','Mueller',1,'1997-12-19',0,'New Granville','Palau','brandon.kling@example.org','2005-12-19 00:00:00','2005-12-27 00:00:00'),(284,1,'et','Alanis','Hoppe',1,'1992-11-11',0,'Nedraland','Armenia','isaiah.lueilwitz@example.net','2000-11-11 00:00:00','2011-06-18 17:07:51'),(285,1,'accusamus','Johnson','Metz',1,'1995-08-11',0,'Fisherstad','Korea','rowe.elmer@example.net','2003-08-11 00:00:00','2003-08-19 00:00:00'),(286,1,'dolorem','Bella','Bashirian',1,'1990-08-23',0,'Katlynfurt','Antigua and Barbuda','bbruen@example.net','2009-02-04 14:57:24','2015-08-23 08:48:26'),(287,1,'exercitationem','Burdette','Mann',1,'1980-11-03',0,'North Jeramieside','Andorra','hickle.sylvan@example.net','1988-11-03 00:00:00','2014-09-07 07:13:35'),(288,1,'doloremque','Jessica','Oberbrunner',1,'1958-01-04',0,'Loraineland','Liechtenstein','pcummerata@example.org','2006-09-19 02:23:56','2006-09-27 02:23:56'),(289,3,'quam','Orpha','Gutmann',1,'1975-11-05',0,'Arlochester','Lebanon','khansen@example.com','1994-08-30 13:52:42','1997-11-30 18:07:27'),(290,1,'et','Pasquale','Hahn',2,'1985-10-23',0,'Santiagobury','Rwanda','ggerhold@example.net','1993-10-23 00:00:00','1993-11-28 15:34:21'),(291,1,'reiciendis','Vance','Schinner',1,'1954-08-10',0,'Braulioberg','Tanzania','abby.hermann@example.org','1987-07-13 00:52:44','2002-03-03 09:57:10'),(292,1,'rerum','Dexter','Walter',1,'1961-06-13',0,'Darrellland','Madagascar','usauer@example.net','1991-05-04 19:33:34','2006-08-04 08:42:55'),(293,1,'qui','Martine','Emard',1,'1993-03-02',0,'Rubenmouth','Bhutan','friesen.hillary@example.net','2014-12-16 15:22:07','2014-12-24 15:22:07'),(294,1,'accusamus','Kristian','Murphy',2,'1997-02-27',0,'New Marielle','Turkey','eloisa78@example.net','2005-02-27 00:00:00','2005-03-07 00:00:00'),(295,1,'voluptas','Rylee','Jakubowski',2,'1965-06-24',0,'Kertzmannfurt','Somalia','xberge@example.net','1979-04-30 09:54:07','2007-08-20 10:36:49'),(296,1,'ipsam','Ferne','Schneider',1,'1996-12-08',0,'West Anabelle','Armenia','dborer@example.org','2004-12-08 00:00:00','2004-12-16 00:00:00'),(297,1,'in','Paris','Nolan',1,'1980-05-18',0,'South Lorabury','Northern Mariana Islands','joanne.reichel@example.com','1986-08-15 06:31:47','1994-01-03 04:14:46'),(298,1,'qui','Susana','Smitham',1,'1976-07-26',0,'Port Kearaville','Andorra','price.robert@example.com','2006-08-10 22:31:04','2010-04-20 11:50:15'),(299,1,'sit','Eudora','Runte',2,'1969-02-10',0,'Kesslerchester','Belarus','tromp.keely@example.net','2008-08-01 07:14:36','2008-08-09 07:14:36'),(300,1,'omnis','Clementine','Hilpert',2,'1997-01-27',0,'Willstad','Gibraltar','isabella.mraz@example.com','2000-06-12 13:03:57','2000-06-20 13:03:57');
/*!40000 ALTER TABLE `user_info` ENABLE KEYS */;
UNLOCK TABLES;
/*!50003 SET @saved_cs_client      = @@character_set_client */ ;
/*!50003 SET @saved_cs_results     = @@character_set_results */ ;
/*!50003 SET @saved_col_connection = @@collation_connection */ ;
/*!50003 SET character_set_client  = utf8mb4 */ ;
/*!50003 SET character_set_results = utf8mb4 */ ;
/*!50003 SET collation_connection  = utf8mb4_0900_ai_ci */ ;
/*!50003 SET @saved_sql_mode       = @@sql_mode */ ;
/*!50003 SET sql_mode              = 'ONLY_FULL_GROUP_BY,STRICT_TRANS_TABLES,NO_ZERO_IN_DATE,NO_ZERO_DATE,ERROR_FOR_DIVISION_BY_ZERO,NO_ENGINE_SUBSTITUTION' */ ;
DELIMITER ;;
/*!50003 CREATE*/ /*!50017 DEFINER=`root`@`localhost`*/ /*!50003 TRIGGER `user_info_updates` AFTER UPDATE ON `user_info` FOR EACH ROW BEGIN
  INSERT INTO user_info_updates SET user_id = NEW.id, new_user_status = NEW.user_status;
END */;;
DELIMITER ;
/*!50003 SET sql_mode              = @saved_sql_mode */ ;
/*!50003 SET character_set_client  = @saved_cs_client */ ;
/*!50003 SET character_set_results = @saved_cs_results */ ;
/*!50003 SET collation_connection  = @saved_col_connection */ ;

--
-- Table structure for table `user_info_updates`
--

DROP TABLE IF EXISTS `user_info_updates`;
/*!40101 SET @saved_cs_client     = @@character_set_client */;
/*!40101 SET character_set_client = utf8 */;
CREATE TABLE `user_info_updates` (
  `id` int unsigned NOT NULL AUTO_INCREMENT,
  `user_id` int NOT NULL,
  `new_user_status` int unsigned NOT NULL,
  `updated_at` timestamp NOT NULL DEFAULT CURRENT_TIMESTAMP,
  PRIMARY KEY (`id`)
) ENGINE=MyISAM AUTO_INCREMENT=2 DEFAULT CHARSET=utf8mb4 COLLATE=utf8mb4_0900_ai_ci;
/*!40101 SET character_set_client = @saved_cs_client */;

--
-- Dumping data for table `user_info_updates`
--

LOCK TABLES `user_info_updates` WRITE;
/*!40000 ALTER TABLE `user_info_updates` DISABLE KEYS */;
INSERT INTO `user_info_updates` VALUES (1,1,3,'2021-02-08 11:54:05');
/*!40000 ALTER TABLE `user_info_updates` ENABLE KEYS */;
UNLOCK TABLES;

--
-- Table structure for table `user_status`
--

DROP TABLE IF EXISTS `user_status`;
/*!40101 SET @saved_cs_client     = @@character_set_client */;
/*!40101 SET character_set_client = utf8 */;
CREATE TABLE `user_status` (
  `id` int unsigned NOT NULL AUTO_INCREMENT,
  `user_status` varchar(25) COLLATE utf8_unicode_ci DEFAULT NULL COMMENT 'Статус пользователя',
  PRIMARY KEY (`id`)
) ENGINE=InnoDB AUTO_INCREMENT=4 DEFAULT CHARSET=utf8 COLLATE=utf8_unicode_ci COMMENT='Варианты статуса пользователя';
/*!40101 SET character_set_client = @saved_cs_client */;

--
-- Dumping data for table `user_status`
--

LOCK TABLES `user_status` WRITE;
/*!40000 ALTER TABLE `user_status` DISABLE KEYS */;
INSERT INTO `user_status` VALUES (1,'active'),(2,'banned'),(3,'under inspection');
/*!40000 ALTER TABLE `user_status` ENABLE KEYS */;
UNLOCK TABLES;

--
-- Table structure for table `videos`
--

DROP TABLE IF EXISTS `videos`;
/*!40101 SET @saved_cs_client     = @@character_set_client */;
/*!40101 SET character_set_client = utf8 */;
CREATE TABLE `videos` (
  `id` int unsigned NOT NULL AUTO_INCREMENT,
  `filename` varchar(255) CHARACTER SET utf8 COLLATE utf8_unicode_ci NOT NULL COMMENT 'Имя файла при загрузке',
  `title` varchar(255) CHARACTER SET utf8 COLLATE utf8_unicode_ci NOT NULL COMMENT 'Название ролика введенное пользователем',
  `description` longtext CHARACTER SET utf8mb4 COLLATE utf8mb4_bin COMMENT 'Описание ролика',
  `file_size` int NOT NULL COMMENT 'Размер файла',
  `metadata` longtext CHARACTER SET utf8mb4 COLLATE utf8mb4_bin COMMENT 'Метаданные файла',
  `channel_id` int unsigned DEFAULT NULL,
  `video_length` int NOT NULL COMMENT 'Продолжительность видео в секундах',
  `max_quality` int unsigned DEFAULT NULL,
  `views` bigint NOT NULL COMMENT 'количество просмотров',
  `created_at` datetime DEFAULT NULL,
  `updated_at` datetime DEFAULT NULL,
  PRIMARY KEY (`id`),
  KEY `videos_channel_id_fk` (`channel_id`),
  KEY `videos_max_quality_fk` (`max_quality`),
  CONSTRAINT `videos_channel_id_fk` FOREIGN KEY (`channel_id`) REFERENCES `channel_profiles` (`id`),
  CONSTRAINT `videos_max_quality_fk` FOREIGN KEY (`max_quality`) REFERENCES `available_quality` (`id`)
) ENGINE=InnoDB AUTO_INCREMENT=301 DEFAULT CHARSET=utf8mb4 COLLATE=utf8mb4_0900_ai_ci;
/*!40101 SET character_set_client = @saved_cs_client */;

--
-- Dumping data for table `videos`
--

LOCK TABLES `videos` WRITE;
/*!40000 ALTER TABLE `videos` DISABLE KEYS */;
INSERT INTO `videos` VALUES (1,'ipsa','Sed sunt consequatur error tenetur qui odio architecto quia.','Voluptatibus sit vel ad aut sint sit cumque quia. Est facilis doloremque qui ea facilis est. Rem a sit dolorum provident id provident. Eos est ex rerum eos corrupti id alias.',2147483647,'',28,68522,2,111923,'2021-02-05 12:16:14','1985-12-13 04:41:32'),(2,'eius','Voluptas itaque dolorum sunt eveniet.','Iure quia aut eaque. Alias in animi enim nihil aut. Est odio error debitis nobis ut nihil. Sint vel ut natus quasi exercitationem est.',2147483647,'Ea doloribus ab fuga dolorum sunt reiciendis fuga consequuntur. Aut ea impedit sed nam asperiores quis. Aspernatur dolor quis et perferendis eos. Fugit et et numquam eos maiores.',31,4623,2,135004,'2021-02-05 12:16:14','1984-12-26 11:16:36'),(3,'ex','Omnis sunt beatae ut maiores id ipsa.','Id assumenda et labore nihil sequi. Est ut laborum recusandae et dolores. Praesentium et maiores ut voluptatum eum distinctio asperiores. Molestiae rerum ea qui veritatis qui eum. Et vel in modi quo.',786265949,'',33,15116,2,83713,'2021-02-05 12:16:14','1993-11-23 11:11:38'),(4,'velit','Excepturi consequatur omnis porro.','At deserunt voluptatum quia quibusdam incidunt vitae expedita. Praesentium vel delectus sint eaque nam. Dolores ipsam quisquam consequatur quisquam minus.',2147483647,'Provident esse sunt voluptatem et. Illum et rem qui repellat delectus sed praesentium. Soluta asperiores et culpa ducimus qui voluptatem. Doloremque quia quia recusandae.',30,94597,5,179716,'2005-11-05 15:31:30','2009-06-06 01:09:54'),(5,'ipsum','Quia dolores quidem sunt esse qui sit.','Quasi dolore eum provident aut facilis cum consequatur voluptate. Eius officia doloremque quia ipsum ut et magni rerum. Fuga est impedit nihil minus laborum est sint.',2147483647,'Et eum consequatur numquam esse fuga facilis. Aut est velit nihil ducimus quia et. Doloremque expedita vitae ratione veniam fugiat.',13,21497,5,198639,'2021-01-10 07:29:53','1998-02-05 12:30:16'),(6,'dignissimos','Eos rerum voluptatem similique ut nihil culpa.','Explicabo ab ea veniam iste magnam. Ea et aut deleniti in. Temporibus asperiores cupiditate repellendus iusto sit. Veritatis nulla ex voluptas provident.',2147483647,'',1,97760,6,64290,'2021-02-05 12:16:14','2006-08-25 17:13:23'),(7,'corrupti','Quas eum ut beatae odio.','Sit qui ipsa commodi expedita enim enim quae. Ab omnis et numquam reiciendis dignissimos. Nobis laboriosam voluptatem nulla excepturi.',2147483647,'Molestiae placeat omnis optio et doloremque. Consequatur adipisci voluptatem voluptas corporis perspiciatis adipisci.',21,26707,1,131801,'1996-05-17 16:31:30','1998-01-29 18:27:46'),(8,'est','Suscipit ut aut est facilis.','Repudiandae quam non non ipsum. Aut quia dolor eum magnam. Aspernatur reiciendis nisi doloribus.',1702285186,'Earum dolores libero non nobis repudiandae odio sint. Explicabo enim sed praesentium deleniti quis optio. Odit quia dolorem et. Magnam nisi sunt dolorum.',48,3104,4,157028,'2021-02-05 12:16:14','1976-06-17 19:49:36'),(9,'quis','Laudantium magni voluptas quam et iusto voluptate dolor.','Consectetur aperiam nihil quod aliquam velit. Eum voluptate est et corrupti qui animi quisquam. Aut consectetur ut qui assumenda velit dolorem sint dicta. Labore delectus neque cumque.',619620524,'',34,51783,1,102105,'2021-02-05 12:16:14','2004-01-19 06:17:52'),(10,'quo','Ut voluptates eum tempora.','Molestiae occaecati dignissimos culpa enim. Minima aut numquam sunt sit dolorem.',2147483647,'Officiis veniam sunt voluptatem modi. Eos voluptatem reiciendis illum asperiores. Id sunt placeat rerum ab voluptatibus. Aut omnis et repellendus quidem et corrupti.',8,758,2,185128,'2007-07-26 01:37:35','1982-02-23 16:57:23'),(11,'quia','Voluptatem rerum est quis eum itaque in.','Et nemo harum est. Mollitia sunt eos excepturi. Qui impedit dicta molestiae nam distinctio distinctio. Explicabo porro qui at dolores consequatur non.',2147483647,'Soluta sit sequi reiciendis. Qui sit quas cum voluptatem. Assumenda omnis eum doloremque est maiores dolor.',41,71580,3,8233,'2015-01-04 21:35:51','2010-10-20 23:36:26'),(12,'quia','Officiis autem animi quisquam aliquam voluptas qui.','Incidunt est iusto sequi minus quos assumenda aut inventore. Eum ex ea aut aspernatur enim voluptatem quas. Sequi architecto dolor est.',2147483647,'',37,13159,5,38204,'2010-07-15 01:51:36','1996-03-03 23:38:33'),(13,'sunt','Delectus officiis autem consequatur vitae.','Ea qui voluptate numquam dolores. Laudantium non perferendis exercitationem possimus neque sed. Nesciunt nam pariatur ea laborum consequatur itaque.',2147483647,'Expedita sunt et aut sit fugiat. Molestiae id laborum est sint quam. Aut provident excepturi qui pariatur quas rerum est aut.',44,19946,8,131458,'2012-03-18 07:11:50','1979-11-08 22:29:37'),(14,'voluptate','Quibusdam autem nulla vitae quia porro laboriosam doloremque.','Rerum rerum eum cum rem aut voluptatem molestiae et. In ut quia vero optio atque unde. Dolorum est id dicta reprehenderit atque expedita repellat.',2147483647,'',16,42921,2,85420,'2011-03-20 17:13:29','1975-10-11 15:06:36'),(15,'ea','Dolor sed quas voluptas.','Sed non natus amet assumenda ut odit dolores. Iusto suscipit quo qui et est. Eum molestias et iste deserunt.',2147483647,'',21,77620,5,162606,'1993-06-04 02:49:15','1999-04-09 07:54:04'),(16,'facilis','Consequatur quaerat est eveniet.','Laboriosam suscipit earum perspiciatis enim. Dolor porro est sed est temporibus consequatur provident. Totam quia incidunt culpa vel nam commodi quia. Ipsam hic aut quia vitae est eum.',2147483647,'',10,97682,2,70242,'2016-05-20 02:41:09','2011-09-17 13:59:38'),(17,'ea','At nam nihil dolor eum.','Est nostrum quas in eveniet doloribus ea officia. Voluptatem ullam dolor doloribus facere velit. Sit quod sunt dolores natus iste voluptates iusto quis. Praesentium deleniti cum hic eveniet nihil.',2147483647,'',11,38205,7,23216,'2021-02-05 12:16:14','2008-12-13 09:37:04'),(18,'temporibus','Inventore ab nemo dolor consequuntur molestiae libero.','Temporibus earum tempore explicabo perferendis. Aut et molestiae laudantium ab ad commodi. Eaque optio laboriosam blanditiis. Occaecati dolorem libero vero in quia.',2147483647,'',42,6096,5,18279,'2018-05-30 12:02:24','2000-05-06 02:16:29'),(19,'modi','Architecto rerum harum a iusto voluptatem occaecati aspernatur.','Ut fugit iste rerum culpa. Dolorem quisquam sed quia reiciendis debitis omnis rerum. Ipsam et inventore nulla doloremque voluptates repudiandae. Est sequi minima voluptatem veniam laboriosam sed.',2101670315,'Aut quas iusto doloremque consequatur omnis minus nihil minima. Esse beatae eaque deleniti. Impedit quos qui soluta iste aut sit.',45,81445,8,134332,'2021-02-05 12:16:14','2020-01-10 14:24:37'),(20,'minima','Porro sunt libero et numquam.','Rerum ipsum dolor ut voluptates distinctio. Qui voluptatem autem ut doloremque similique unde in dolores. Atque aut qui quaerat numquam qui sit. Repellendus ratione quia consequuntur quo amet.',2147483647,'',14,54763,4,73731,'2019-02-22 03:39:32','2020-11-04 03:38:52'),(21,'aut','Quis tempora praesentium vel et voluptatem quibusdam.','Nemo a et quo praesentium ab. Illo excepturi rerum nostrum et quibusdam eum quos laboriosam. Velit et est amet perferendis ab.',2147483647,'',38,64456,5,97083,'2021-02-05 12:16:14','1996-02-08 19:01:39'),(22,'rerum','Quidem similique vitae impedit aut.','Sit quis sit atque reprehenderit fugiat et. Perspiciatis quasi quis quae explicabo et eos sed iure. Aperiam non culpa ipsum consequatur.',2147483647,'',18,89109,8,163077,'2021-02-05 12:16:14','2012-02-09 02:27:14'),(23,'et','Iste voluptatem rem unde in eum et cupiditate omnis.','Soluta autem quae exercitationem saepe repellendus omnis. Possimus recusandae quas magni aut ipsum. Repellat id minima veritatis assumenda.',2147483647,'',50,53063,1,71424,'2017-10-10 05:34:25','1971-08-28 08:15:28'),(24,'laboriosam','Et est nostrum earum ea voluptatem debitis.','Eaque nam facilis sed fugiat eaque dolor officiis. Voluptas dignissimos nisi omnis iure accusamus necessitatibus.',2147483647,'',42,1236,7,170027,'2018-05-30 12:02:24','1990-12-09 16:19:40'),(25,'vero','Voluptatem voluptas quod dolores dicta eos ut et.','Quia eaque rerum dolores unde mollitia. Reprehenderit dolor mollitia fuga non facilis placeat. Quasi dolorem veritatis magnam tempore alias modi quis. Recusandae nisi tempora velit.',2147483647,'',2,3605,3,5474,'2021-02-05 12:16:14','1997-01-17 02:59:32'),(26,'sint','Corrupti veritatis minima ex sed consequatur asperiores architecto.','Rerum facilis ut sint similique ipsam. Sunt dolorem modi dicta pariatur. Ipsum quia reprehenderit et non voluptatum.',2147483647,'',36,70748,2,55000,'2001-07-16 04:11:47','2020-02-05 16:38:51'),(27,'est','Asperiores dignissimos officia numquam beatae tempore consequuntur quo dolor.','Quibusdam voluptatem velit fugit quod suscipit iste. Voluptatum nobis enim ipsum tempore et omnis. Quia aut dolorum optio molestiae sapiente ea consequatur aut.',2147483647,'Dolores nam porro maxime eaque ratione nemo aliquid. Sed quia harum quos adipisci et. Id corporis perspiciatis minima vero tempora eum provident. Ab rem minima fugit tempore et a qui.',3,45481,5,115294,'2016-12-23 17:07:48','1992-04-15 10:01:25'),(28,'deserunt','Sit voluptatem hic enim enim consectetur enim ipsam.','Id laboriosam cumque explicabo odio cupiditate debitis beatae. Facilis neque rerum neque earum alias sint. Unde quam et quaerat ut.',2147483647,'',7,80546,5,2875,'2007-09-26 02:03:13','2011-05-22 16:07:54'),(29,'qui','Quibusdam et omnis nobis atque vel ipsum.','Facere quae fuga neque et non sunt. Quia deleniti maxime qui quia et doloremque omnis. Dolore laboriosam quibusdam autem impedit nihil voluptatem.',1311570287,'',9,15827,4,118487,'2013-10-01 02:12:49','2018-06-29 21:01:53'),(30,'aut','Vel ab dicta omnis vel odit quis molestias.','Voluptas voluptas atque aliquid eos. Et enim repudiandae eius accusamus tempore et laudantium est. Libero ut provident cum. Tempora nemo recusandae nihil voluptatum molestias nobis. Doloribus ex molestias sapiente quae quos hic in.',2147483647,'Earum fugiat veniam sed molestiae dicta animi. Quam sit vero fugit dolor. Voluptas aliquid quaerat ut omnis maiores et. Totam omnis porro omnis natus vel ut quos.',27,48537,6,171961,'2021-02-05 12:16:14','1988-01-10 18:11:34'),(31,'eum','Perferendis dolores ab ut aperiam delectus dolor.','Maiores eos nam doloremque vel praesentium rerum libero tenetur. Dolores ipsa perferendis nemo placeat nobis. Incidunt alias placeat quas libero nisi ea sit. Et quaerat repellat dolores sequi sequi non.',2147483647,'',2,47908,6,99888,'2021-02-05 12:16:14','1986-07-27 19:13:01'),(32,'consequuntur','Sed quasi et non vero numquam.','Blanditiis aut sapiente qui optio numquam in. Autem sunt ea est rerum veniam. Quo exercitationem labore dolores quia eum. Recusandae harum officiis est ut et harum asperiores.',18130533,'',11,76094,8,188467,'2021-02-05 12:16:14','1999-10-14 06:25:00'),(33,'ullam','Corporis fugit enim modi.','Libero deserunt ex dolore. Dignissimos error at laborum dicta non. Magnam enim unde dolor qui voluptatum veniam id.',921759158,'Expedita est expedita ducimus harum. Sunt explicabo eaque optio ipsa laudantium est quis. Distinctio ex facilis dolores. At itaque debitis voluptatum velit.',2,27309,1,62543,'2021-02-05 12:16:14','1984-12-23 21:21:33'),(34,'voluptatem','Praesentium aut quibusdam doloremque laboriosam autem et eius.','Assumenda fugiat temporibus ut impedit sit alias error. Aliquam saepe repudiandae atque repellat asperiores assumenda repellat explicabo. Eveniet aut commodi inventore ullam ea vel.',2147483647,'Sed amet dolorum ex. Iste officiis pariatur dolorem et qui. Rerum nihil autem est.',27,34995,1,197631,'2021-02-05 12:16:14','1985-01-07 17:48:19'),(35,'labore','Occaecati doloremque rerum nostrum velit.','Et sequi praesentium laudantium qui fugiat harum. Soluta rerum illum fuga ea. Delectus animi aut velit sint minima.',2147483647,'Recusandae porro ad eius repellat consequatur et laboriosam aut. Modi expedita ducimus maiores ut eaque. Molestiae corporis dolor inventore.',45,18357,2,120059,'2021-02-05 12:16:14','2014-06-05 08:10:48'),(36,'optio','Autem quisquam consectetur reprehenderit accusamus beatae consequatur tempore.','Ut pariatur magni est ad quae aliquid consequuntur. Inventore nam ut et. Magni quis officiis dolorem libero omnis. Occaecati perspiciatis eveniet ipsam ipsa.',2147483647,'In voluptatem dolores in aliquid ipsum voluptas. Sunt autem magnam est et quam nobis. Nostrum deserunt et est cupiditate. Inventore recusandae totam non cum cumque consequatur.',29,40157,6,152672,'1993-11-15 10:43:44','1972-12-15 01:58:11'),(37,'ut','In repellat molestias ut aut laborum dolores praesentium.','Quaerat qui ab enim et eaque. Beatae nihil voluptatem aspernatur ut ut est. Et et consectetur maxime est alias autem et quasi. Consequuntur deleniti dolorem beatae illum libero explicabo. Cumque hic temporibus in tenetur qui.',2147483647,'Velit dicta est corporis sint. Voluptas sapiente et et sed. Laborum doloremque a cum possimus.',50,63635,3,147806,'2017-10-10 05:34:25','2003-11-16 10:40:59'),(38,'explicabo','Nam cupiditate totam reiciendis nemo magni minus ut iure.','Quibusdam vel maiores vel non sit nihil. At commodi dolorem blanditiis laudantium voluptatem quia consequatur. Culpa praesentium qui amet quia temporibus.',2147483647,'Perspiciatis quo iure ea repudiandae recusandae assumenda. Hic rem optio delectus accusamus est.',28,67869,7,122031,'2021-02-05 12:16:14','1976-10-18 17:11:16'),(39,'placeat','Numquam sed illum nihil aut.','Quia sed eveniet hic beatae rerum pariatur assumenda. Et numquam corrupti eos laudantium voluptatem fugit reiciendis magni. Voluptas qui ullam architecto a.',2147483647,'Dolor corrupti ut qui. Nihil tempora ea enim expedita. Illum quia voluptatibus veritatis esse. Consequatur itaque in ut vel vel. Cumque sunt minima consequuntur perferendis nisi.',36,4260,5,81261,'2001-07-16 04:11:47','1994-09-06 07:55:01'),(40,'ea','Illo culpa aperiam saepe vitae dolores.','Nemo quia omnis commodi. Harum cupiditate animi molestiae qui.',2147483647,'',30,82849,5,176609,'2005-11-05 15:31:30','1999-08-18 20:43:21'),(41,'earum','Odio culpa ut sed et.','Enim nemo aspernatur voluptatem. Nulla molestiae et accusamus omnis iusto quod. Ea tempore qui natus porro enim.',2147483647,'Est numquam animi autem dolor ipsum quasi. Id aut fugiat corporis quo. Error consequuntur repudiandae excepturi est. Voluptatem quas dolores ipsa sed.',19,52341,2,88294,'2021-02-05 12:16:14','1983-08-12 10:19:58'),(42,'ipsam','Aut odio tempore architecto sed reprehenderit.','Quibusdam molestiae omnis et ex deserunt est quas. Voluptatem nobis aut iste velit ratione consequatur pariatur. Voluptates soluta distinctio sed nulla veniam sequi.',2147483647,'',34,84146,3,195093,'2021-02-05 12:16:14','1974-08-12 05:53:49'),(43,'quo','Delectus quas error debitis aspernatur earum sapiente iste illo.','Velit nostrum voluptas voluptates quo est ex. Sed dolore quam est libero maiores fugiat dolorum. Corrupti quasi possimus totam accusamus error ipsam. Consequatur similique quia corrupti repellendus sed quibusdam.',865317346,'Placeat aliquid officia officia repellat consequatur aut. Asperiores ut dolorem error pariatur qui. Dignissimos in voluptatem non animi ut.',25,85983,8,126423,'2017-08-23 05:53:21','1984-06-23 10:08:30'),(44,'aliquam','Exercitationem non numquam labore hic pariatur architecto possimus.','Esse fugiat eaque quia cupiditate. Eveniet voluptatibus architecto voluptate. Magnam dolores voluptatem fugiat. Maxime nam est quod est cumque autem earum.',141871071,'',29,82458,5,70098,'2002-07-17 20:40:24','2018-09-11 07:43:40'),(45,'perspiciatis','Fugiat earum sed quae cupiditate.','Omnis praesentium consequuntur neque autem illo aliquam rem. Sint aut at repellat sint atque. Ut ut adipisci accusantium quo dolore.',962635595,'',48,4811,2,16141,'2021-02-05 12:16:14','2018-04-19 09:14:19'),(46,'et','Provident dicta in vitae pariatur dolore alias.','Culpa suscipit quidem beatae dolore aliquam quia quaerat. Adipisci dolore tenetur iusto neque ut. Tempore ut voluptas et optio mollitia. Perspiciatis aut laudantium qui est.',2147483647,'Quam sequi dolorum ipsum. Earum omnis maiores inventore qui quaerat. Corporis cum modi eum nostrum. Rerum possimus dolor aliquid sequi hic quidem hic ut.',21,21921,5,104575,'1993-06-04 02:49:15','2011-11-29 06:51:43'),(47,'explicabo','Repellat quisquam est ducimus consequatur eos voluptatem quis.','Aut sed aut qui. Totam ut vel molestias atque temporibus rem. Consequuntur at qui natus quo rem maxime. Dignissimos explicabo voluptatem quia qui harum.',2147483647,'Et modi qui adipisci adipisci sunt. Ex aliquid ratione vel aliquid id sint. Facilis ipsa quasi sit aut. Cum corrupti cum et omnis quasi ut aut.',25,65242,4,180548,'2007-07-07 08:37:24','2019-04-21 21:11:11'),(48,'officiis','Velit dolorum repudiandae sit expedita ut dolore.','Dicta enim magni eaque et corrupti asperiores dicta qui. Vel eos ea tenetur ipsum voluptatem deleniti est.',2147483647,'',21,18395,1,147655,'2003-10-23 21:00:51','2011-12-15 09:30:55'),(49,'itaque','Eaque rem culpa ut deleniti rem est voluptas.','Et eos consectetur alias aut. Autem earum possimus velit sint inventore tenetur voluptas. Et exercitationem a autem expedita aut voluptate.',2147483647,'Beatae aliquam facere magnam minus ut. Quis aut aut et voluptatem consequatur est ex. Dolor esse atque tempora praesentium qui asperiores.',44,6793,8,129274,'2012-03-18 07:11:50','2006-04-04 20:30:46'),(50,'qui','Ut consequuntur molestias expedita et quisquam ad.','Magni qui distinctio nemo et. Aliquam omnis ipsam quia autem eveniet quas a nesciunt.',2147483647,'',48,67435,4,17451,'2021-02-05 12:16:14','1985-05-25 00:12:14'),(51,'illum','Provident et alias omnis nemo blanditiis consectetur.','Omnis eum nam vero quis veritatis. Itaque occaecati vel voluptatum. Molestiae mollitia et omnis aut ad deserunt.',30572922,'Consectetur facilis sequi ut esse voluptatibus sint. Harum quaerat id dolores suscipit rerum.',10,1494,1,76796,'2016-05-20 02:41:09','2019-11-06 14:35:18'),(52,'facere','Totam sunt qui odio dolorem voluptatibus.','Commodi ab architecto quisquam dignissimos sit. Maxime perferendis fuga beatae. Vel ab rerum itaque qui quos. Ut sunt inventore sunt aut.',2147483647,'',38,83263,1,24100,'2021-02-05 12:16:14','2021-01-18 02:08:12'),(53,'error','Consequatur aut sed ipsum.','Ducimus enim quo omnis consequatur vero magnam. Et enim ex doloribus voluptatem quia. Rerum est et libero eligendi. Accusantium eum eum labore facilis. Explicabo voluptatem velit sit aut.',2147483647,'',12,54110,1,13428,'2007-01-26 03:37:27','1976-09-10 06:55:49'),(54,'magni','Qui aut quas nobis.','Hic est repudiandae optio excepturi ipsa. Aut temporibus reiciendis iste occaecati enim error. Deleniti sit reiciendis ducimus aliquid aspernatur est. Eaque dolores sequi accusamus sed.',2147483647,'',38,88122,8,75319,'2021-02-05 12:16:14','1978-01-14 08:29:42'),(55,'nisi','Veritatis cumque officia sapiente harum sed et ea.','Quis culpa accusantium ut qui nam ipsa voluptas. Ut a laboriosam porro ea deleniti quod. Aliquid modi ut neque. Dolorum quisquam dolor id vero pariatur exercitationem.',2147483647,'Dolor ut corporis rem. Voluptas et distinctio enim eveniet ullam et. Maxime aliquid quis quasi earum ipsa.',45,11040,6,109523,'2021-02-05 12:16:14','2003-10-18 05:40:08'),(56,'et','Quis sit recusandae sit nobis provident.','Occaecati sunt adipisci illum quis. Velit est debitis tenetur quia. Ad quos ut eius voluptatem commodi maiores. Rerum nostrum exercitationem omnis quam fugit.',2147483647,'Quo eaque rerum eum est cupiditate. Nihil autem praesentium omnis velit iste. Quisquam deleniti facilis in repudiandae modi ab.',36,36128,2,179500,'2005-05-22 16:35:37','1990-02-23 15:36:16'),(57,'aut','Est et autem quaerat qui velit.','Modi totam laboriosam veritatis sed ea est voluptate et. Rem itaque neque dolores sunt. Exercitationem velit aperiam vel quisquam. In eum ex nemo praesentium delectus explicabo molestias dolores.',2147483647,'',18,20795,2,5903,'2021-02-05 12:16:14','1980-11-28 10:18:11'),(58,'quis','A placeat sed non quam pariatur.','Quidem et quibusdam aut animi. Accusantium vel totam autem ut. Unde aut sunt at iusto incidunt illum et.',2147483647,'',31,72124,8,51431,'2021-02-05 12:16:14','1995-12-16 12:32:35'),(59,'repudiandae','Est esse aut enim explicabo.','Omnis et aut voluptas laborum omnis dolor quam. Quia maxime itaque odio. Ut rerum necessitatibus voluptatum molestias. Hic fugiat perspiciatis voluptatem quia est.',2147483647,'',43,20374,5,191285,'2006-01-06 00:45:09','1988-01-02 22:59:32'),(60,'unde','Magnam recusandae voluptas quia quia aut sint at.','Esse nemo dolor incidunt at. Cum voluptatem qui nam ipsum in. Molestias quo eos est. Delectus aliquid et unde inventore.',2147483647,'Ut est enim illum qui. Maxime sed nihil laboriosam. Placeat aut qui natus.',13,82269,7,75066,'2021-01-10 07:29:53','2010-04-19 10:51:47'),(61,'ea','Ut eligendi et cupiditate.','Voluptatibus expedita maxime facere facilis possimus alias ut. Fugiat odio numquam cum ab pariatur in similique. Placeat natus non nihil necessitatibus. Sit quia velit deleniti.',2147483647,'',5,31909,1,157280,'2021-02-05 12:16:14','2010-09-07 12:06:25'),(62,'asperiores','Nihil et quaerat voluptates.','Id ratione aliquid voluptatum consequatur recusandae sapiente. Dicta quibusdam sit quod vel tenetur dolorum. Facere cupiditate mollitia est itaque alias. Aut perferendis expedita odio repudiandae quos perferendis dicta. Aliquid voluptatem sed pariatur illum illum officia.',2147483647,'Et velit cum aut minima. Officia qui quibusdam vitae necessitatibus. Ut facilis odit possimus amet fugiat.',7,82918,2,116368,'2010-05-25 01:21:47','2008-10-06 07:10:51'),(63,'omnis','Enim accusamus iste quisquam et nobis voluptatem doloremque.','Ratione doloribus qui voluptatem ut. Modi eum consequatur consequuntur explicabo. Quas facilis ducimus provident perspiciatis ab.',2147483647,'Dolor voluptatem ab distinctio accusantium. Rerum molestias labore qui a. Consectetur aut exercitationem deserunt qui autem. Numquam tenetur qui alias expedita laudantium tenetur.',7,90764,1,56484,'1987-12-09 00:38:54','2007-06-10 16:34:00'),(64,'molestias','Qui asperiores quo harum sunt exercitationem.','Sed eum sed deleniti vel. Eos et doloremque enim dolore. Ratione ullam qui aliquam tempore modi culpa maxime. Maiores id cum magni dolor sunt.',2147483647,'Debitis aspernatur eaque animi ut ea. Eos minus veniam molestias voluptatem quis. Veniam sed vel et autem.',2,43403,8,62545,'2021-02-05 12:16:14','1987-12-20 17:46:34'),(65,'quia','Enim officia dolores ullam molestiae totam.','Sed qui minima saepe dolorem vitae. Eius quia praesentium aut laborum nemo occaecati. Voluptas aperiam quas dolor sed eaque enim iste.',2147483647,'Dolorem cumque illo id eum vitae est. Omnis sequi aut sed sunt nostrum sint.',3,15617,8,108008,'2011-11-17 07:50:37','1991-03-23 16:07:18'),(66,'molestiae','Eos velit nemo voluptas occaecati.','Et ad esse excepturi nisi aut quo. Aut odit unde repellendus animi quia aspernatur dicta. Eos hic commodi quos aspernatur totam. Amet ab ipsam reprehenderit eos itaque. Sed accusamus soluta consequuntur eos et reiciendis corporis odio.',2147483647,'Aut at in atque magnam possimus quibusdam sunt. Veritatis odio harum odit. Ea cum esse officiis ratione neque excepturi et.',18,65210,3,161999,'2021-02-05 12:16:14','1999-08-09 13:49:49'),(67,'nemo','Quae aut nam rerum eos laudantium.','Possimus magni fugit exercitationem quo rerum quia. Ea iure mollitia quos tempore quis omnis. Mollitia quaerat atque voluptatem.',2147483647,'',43,71718,5,195820,'1998-01-15 08:06:43','1971-01-10 03:06:55'),(68,'tempora','Nihil nihil adipisci blanditiis eos et consectetur.','Quia ab quisquam dolor dolorum voluptate optio. Molestiae rerum soluta aperiam dignissimos nobis quos. Illum repellat omnis harum illo.',2147483647,'',42,75591,4,83349,'2018-05-30 12:02:24','1988-08-11 06:15:18'),(69,'vel','Eius id cum est facilis ratione.','Mollitia cumque velit iste unde est aut. Cum nisi ea vitae adipisci. Omnis ea est minus cum. A maxime sint laudantium doloremque occaecati voluptatem.',1813095243,'Iste debitis ut et soluta at. Nesciunt laudantium aut commodi corrupti aut.',4,7513,1,90970,'2019-06-16 03:14:01','1990-04-23 13:58:39'),(70,'minus','Tempore facere id sint laudantium accusamus.','Nulla error sunt amet quos saepe. Sed error rerum harum voluptas. Rem facere voluptatem deserunt voluptatem repellat. Voluptatem nisi voluptas sed fugit perspiciatis quo sunt est.',410996251,'',20,50608,8,114767,'2004-01-28 00:28:04','1988-02-27 02:09:00'),(71,'officia','Harum eum exercitationem doloribus beatae.','Unde ex molestiae asperiores et velit eius. Eum enim facilis dolore et debitis molestias adipisci. Voluptatibus aut esse ut modi. Mollitia adipisci molestiae libero est beatae minus.',2147483647,'',44,81008,2,151249,'2012-03-18 07:11:50','1984-09-21 07:59:22'),(72,'et','Accusamus sapiente necessitatibus unde nam voluptatibus.','Commodi consequuntur consequatur qui occaecati explicabo eos. Enim assumenda cumque eveniet reprehenderit dolor voluptas.',956276986,'',20,75474,5,151323,'2003-08-21 16:03:22','2010-01-30 23:19:14'),(73,'quia','Aperiam voluptatum ea fuga sequi est impedit laboriosam est.','Animi atque et quia beatae nobis. Qui est dolorum sint quidem et deserunt omnis. Mollitia numquam earum nostrum incidunt natus nihil nihil.',2147483647,'Autem vero consectetur necessitatibus ut. Pariatur impedit dolorum ut voluptatem. Distinctio facere nihil sed tempore velit.',16,48646,4,153632,'2008-09-15 11:48:03','1990-04-19 20:22:56'),(74,'impedit','Aut voluptates accusantium similique.','Accusamus rerum est adipisci labore corrupti. Atque voluptates reprehenderit sint. Facilis omnis quod ut consequatur vero consequuntur reiciendis. Commodi sed voluptas ut aut ex.',603366265,'',11,27578,2,19383,'2021-02-05 12:16:14','2012-04-19 05:54:28'),(75,'voluptatem','Temporibus expedita officiis magni id sunt aperiam.','Amet voluptatem in qui amet. Officiis quaerat id id officia. Placeat et quae ut praesentium repudiandae at id.',2147483647,'Dignissimos sed amet impedit a labore ut sed quam. Est quasi voluptatum qui consequuntur facilis. Et nulla quis repudiandae.',23,81349,1,89232,'2021-02-05 12:16:14','1992-07-30 18:40:19'),(76,'tenetur','Consequuntur natus voluptas temporibus deserunt.','Cumque sint aliquid sunt est. Id aut placeat error est et sunt. Ad qui est vel reprehenderit soluta.',537685110,'Quia quam aut suscipit. Consequatur quia atque repudiandae harum rerum est unde dolores. Numquam quis nihil laudantium recusandae rem voluptates. Architecto in possimus nesciunt unde incidunt.',24,12499,4,180437,'2021-02-05 12:16:14','1981-11-24 05:48:08'),(77,'id','Deserunt voluptates dolorem vel voluptatem.','Adipisci numquam libero harum iure praesentium. Aut eius dolorem nemo quis.',2147483647,'',39,61011,4,49307,'2021-02-05 12:16:14','2003-03-08 17:10:30'),(78,'tempora','Eos excepturi ea qui doloremque similique.','Possimus aut deleniti laborum qui quo nihil molestiae. Atque harum excepturi molestiae exercitationem molestiae ut. Omnis voluptates libero quo odit.',2147483647,'',18,39917,5,174587,'2021-02-05 12:16:14','1993-05-08 21:00:10'),(79,'mollitia','Non quia distinctio velit est qui.','Voluptatem sit deleniti voluptate amet. Aut quisquam consequatur blanditiis et deleniti consequatur repellat. Dolorem facilis veritatis ex eum. Ab voluptatem deserunt quaerat hic corporis voluptatem voluptas.',508301685,'',14,94684,4,86210,'2019-02-22 03:39:32','1991-07-13 11:19:33'),(80,'fugiat','Est nihil reiciendis quos esse eum dolor quia.','Dicta voluptate quam qui officia. Qui rerum reiciendis adipisci quos minima fugiat dolor. Quam atque deleniti ut voluptas adipisci dolorum consequuntur.',2147483647,'Aliquam reprehenderit adipisci et facilis occaecati. Explicabo ullam quam voluptatum quo temporibus occaecati. Est officia porro asperiores itaque mollitia. Esse veniam eius pariatur nihil quo atque.',44,55383,6,192016,'2012-03-18 07:11:50','1974-07-11 11:25:43'),(81,'nemo','Quo adipisci eligendi incidunt aut.','Ea quas iusto veritatis nesciunt consequatur laboriosam minima. Maiores sed natus id autem consequatur qui. In explicabo quo odit voluptate quisquam. Repudiandae placeat repellat provident corrupti eaque iste.',2147483647,'Sit necessitatibus alias qui provident dicta ratione. Non qui similique esse et quaerat. Eaque et qui eligendi quia placeat. Sed eaque ab necessitatibus ea quaerat rem.',23,80558,5,71635,'2021-02-05 12:16:14','1998-06-23 14:26:36'),(82,'est','Et est itaque sit quam.','Atque et quis itaque enim molestiae consectetur. Ut corporis esse molestiae officiis assumenda aut. Cupiditate voluptatem ullam sed fuga.',2147483647,'Ipsa recusandae deserunt facere mollitia. Itaque quae neque temporibus doloremque expedita optio nihil ea.',43,27094,1,108790,'1998-01-15 08:06:43','1985-07-15 14:09:55'),(83,'quo','Tempora doloribus est est accusantium eligendi quibusdam repellat et.','Impedit cum voluptatem tenetur fuga natus ut. Nulla eum dolor repudiandae et nesciunt.',2147483647,'',49,11952,4,116142,'2021-02-05 12:16:14','2021-01-27 02:50:27'),(84,'et','Nihil tenetur dolorum aut aut qui.','Ut non asperiores temporibus asperiores debitis ipsa. Repellat repellat ex dolorem voluptas voluptas. Placeat ut eligendi quam porro.',2147483647,'',10,39869,2,172342,'2016-05-20 02:41:09','2013-02-26 17:19:31'),(85,'architecto','Voluptates sunt ut minima repellat commodi quae.','Repellat provident tempora dicta consequatur sunt quam. Quos est non ratione.',2147483647,'Minima voluptas dolorem velit at fugiat. Dolor explicabo labore necessitatibus consectetur. Ipsam cumque dolor dicta nemo veniam magni. Dolorem sint in commodi id eos.',35,73542,8,11014,'2012-02-09 01:28:32','1985-04-10 12:20:17'),(86,'qui','Omnis deleniti et eveniet voluptate dicta quisquam quidem.','Praesentium voluptatem commodi est veritatis officia. Eveniet placeat soluta optio non. Adipisci ut placeat ea vel voluptatum voluptates. Minus eos ea nobis debitis adipisci.',2090882569,'Pariatur blanditiis aspernatur aut alias quis. Rerum aut distinctio quia nisi voluptatem. Sequi eveniet rem inventore molestias maxime.',27,85969,5,47649,'2021-02-05 12:16:14','1994-11-21 21:20:04'),(87,'et','Culpa expedita eos impedit eius ea commodi sequi.','Doloremque molestiae dolor quis est accusamus molestiae. Rerum sequi exercitationem ut voluptatem eos pariatur optio ea. Magni impedit ipsum eum est nulla. Eos qui sed quidem nesciunt sit et. Omnis est aut qui blanditiis ut tempora.',2147483647,'',15,39233,1,64641,'2021-02-05 12:15:39','1982-10-14 04:55:40'),(88,'natus','Occaecati fuga eum incidunt accusantium est saepe dolores in.','Soluta expedita est odio atque totam. Incidunt molestias commodi quasi est. Deserunt necessitatibus non at blanditiis sit laborum totam et. Dolore soluta quo consequatur est. Iure nemo eius sunt deleniti.',2147483647,'Non ad quod ut vel. Explicabo sit excepturi enim laudantium magni deserunt quia. Quis omnis ut aperiam velit. Accusamus rerum ipsa qui sapiente ipsa.',41,77975,1,126826,'2015-01-04 21:35:51','2003-07-30 05:33:43'),(89,'voluptas','Est ut eos excepturi dolorem.','Omnis sequi dolorem et provident. Cupiditate maiores blanditiis animi omnis qui sunt. In omnis maxime veniam neque nihil nostrum. Dolores sapiente ipsa sed.',2147483647,'Amet dolores quae ratione et. Repellendus aut voluptatibus quia qui. Alias culpa aut voluptatum laborum atque illum saepe. Ut voluptatem qui voluptatem recusandae.',31,74864,4,174487,'2021-02-05 12:16:14','1981-01-22 14:12:44'),(90,'quis','Sit consequatur reprehenderit voluptas qui inventore quam accusantium.','Dolorum nihil consequatur qui dignissimos voluptatem autem eaque nihil. Quo sed aut porro. Cum voluptatem impedit facilis voluptas.',2147483647,'',22,70888,7,137554,'2021-02-05 12:16:14','1973-12-27 02:48:05'),(91,'similique','Recusandae aut aperiam deserunt et.','Tempora assumenda ipsum nihil quis amet voluptas et. Sed eos ut et eius nulla dignissimos eaque. Natus facilis ex maiores cum atque. Vel consequatur qui tenetur laboriosam exercitationem debitis aliquid.',2147483647,'Omnis distinctio illo sit eligendi illum saepe qui. Saepe eaque aspernatur sit maiores. Corrupti excepturi voluptates eligendi veritatis est corporis. Ut omnis consequatur odit nobis natus ut.',11,38336,2,36734,'2021-02-05 12:16:14','2016-01-28 20:48:04'),(92,'iste','Et est inventore magnam.','Natus quaerat qui sit eaque. Non non beatae aut rerum dolor. Mollitia sit harum numquam dolor qui. Voluptas amet ipsam sed. Velit dolorum quia natus cumque.',2147483647,'',19,68268,2,155691,'2021-02-05 12:16:14','1978-05-11 02:24:24'),(93,'aut','Numquam ea et aut veniam ex quasi doloribus quo.','Pariatur dolores exercitationem nesciunt. Beatae cumque et dicta quis eius qui. Maiores nobis dolor rem est fugit. Quae non architecto enim hic magni qui deleniti. Occaecati porro praesentium quia.',2147483647,'Doloremque voluptas voluptatum unde est laudantium voluptatibus. Saepe sit qui ratione odit voluptatum. Enim dolorem in ullam velit quod amet unde.',27,59851,2,167083,'2021-02-05 12:16:14','1977-11-27 10:34:49'),(94,'inventore','Dolorem exercitationem nesciunt deserunt alias cum est.','Neque ipsam enim ipsam eius ut. Optio sunt libero optio non quia aspernatur. Inventore omnis maxime quis culpa assumenda. Nobis libero necessitatibus voluptatem ad.',2147483647,'',30,75633,1,181071,'2005-11-05 15:31:30','1972-08-24 11:34:58'),(95,'ipsam','Voluptatem fugiat dolor perspiciatis id nulla.','Suscipit eos reprehenderit eos nisi. Quod fuga quas dicta culpa voluptatem fuga. Error nulla dolores debitis ab.',2147483647,'',9,91071,5,197031,'2010-07-26 11:22:27','1976-01-06 11:37:28'),(96,'perferendis','Corporis sunt ut ut ad facere vel.','Fugiat omnis qui ex et. Eos ipsa molestias perferendis omnis. Unde voluptatem vitae delectus rem eaque. Est tempora quae quo possimus at voluptatem ipsum et.',2147483647,'',30,20769,4,84644,'2005-11-05 15:31:30','2019-12-13 18:03:08'),(97,'dignissimos','Accusamus ut cumque necessitatibus fuga saepe eum dignissimos.','Non est ut et labore asperiores autem. Voluptatem eius sed dolor. Similique ullam atque sit iste consectetur qui. Et possimus inventore doloribus et.',2147483647,'',41,64281,6,147448,'2015-01-04 21:35:51','1989-07-30 15:44:48'),(98,'totam','Molestiae blanditiis ducimus sed rerum odio.','Qui amet quas earum ut hic repellendus. Blanditiis aut dolorem dicta earum. Recusandae architecto iure eum et aspernatur repudiandae.',2147483647,'Eos dolorem laboriosam at eos voluptatem corporis blanditiis totam. Ullam atque tenetur amet ab sed aliquid.',29,74820,3,141083,'1993-11-15 10:43:44','1980-04-29 18:10:46'),(99,'itaque','Commodi odit quaerat qui et inventore.','Ut ratione dolore deleniti exercitationem cumque vitae expedita odit. Et facilis autem rem quisquam a esse. Voluptas quos aliquid consequuntur voluptas veniam. Aut exercitationem eaque rerum vitae.',2147483647,'Fugit temporibus dolorem similique quasi sit voluptatem. Dolor commodi sequi qui explicabo similique ex. Sed consequatur quo assumenda distinctio ipsa ex odit.',50,34004,6,64153,'2017-10-10 05:34:25','2003-05-15 23:45:31'),(100,'eum','Dolores occaecati dolorum in neque.','Qui facilis et eum modi et aspernatur molestiae. Ad nobis tenetur dolor et nesciunt sed animi iure. Ut quasi ullam dignissimos beatae.',861497611,'',44,38166,1,58330,'2016-11-14 16:30:47','2013-12-21 07:54:50'),(101,'eligendi','Qui vel autem eveniet amet.','Iusto ea similique et iusto ut ipsum delectus. Aliquam consequatur et occaecati impedit nihil et voluptatem. Qui illum et est neque dolore. Temporibus corporis sit officiis dignissimos in debitis.',2147483647,'Qui et est sapiente ad dolor dolorum. Fugiat labore rerum est consequatur. Reprehenderit culpa nihil sit qui iste eos.',2,34079,4,177070,'2021-02-05 12:16:14','2000-05-18 23:29:03'),(102,'facere','Dolores earum sit ab omnis quidem ut pariatur neque.','Eius modi et saepe. Quia voluptatem molestias et. Voluptatem qui et optio id aspernatur. Enim vitae suscipit inventore quo cupiditate voluptatem.',2147483647,'',50,38840,3,18858,'2017-10-10 05:34:25','2002-11-25 13:23:42'),(103,'voluptatem','Sit cupiditate repudiandae aperiam vero.','Nam praesentium magnam voluptas eveniet et. Dolorem atque veniam voluptate iure. Adipisci qui animi aspernatur eum officia rerum. Sed dicta sed quis cupiditate dolores.',2147483647,'Qui commodi quasi ad. Eaque unde quidem vel quia. Fuga aliquid est aut tempora accusamus dolor.\nAut quis et qui non dolore nemo id. Qui rerum error explicabo quis. Aut natus dolor eos inventore.',1,20502,1,12898,'2021-02-05 12:16:14','1972-07-29 02:36:15'),(104,'officia','Omnis ut consequatur ratione.','Voluptatem sint quibusdam non cupiditate ullam impedit et. Labore aut vitae soluta. Occaecati quasi vero similique consequatur velit odit.',2147483647,'',32,58661,3,192092,'2021-02-05 12:16:14','1981-02-25 04:53:22'),(105,'sed','Sequi ut aliquid et vitae qui minus inventore.','Expedita inventore enim a quasi et. Voluptatem a nesciunt nihil tenetur. Accusantium velit odio accusantium.',2147483647,'Qui aperiam et ducimus quibusdam magni. Sit eaque et explicabo et. Sunt at repellat ea atque odit consequatur. Quia ad nesciunt laborum.',48,16339,4,97166,'2021-02-05 12:16:14','1975-06-24 13:32:15'),(106,'repudiandae','Cumque velit impedit eveniet natus nulla aut.','Cum quibusdam id vel est praesentium aut eos perspiciatis. Est dolor sit eos nulla. Deserunt consequuntur commodi rerum. Vel praesentium in odit ad eos impedit.',1075700701,'Et et nobis non dolores voluptatem rerum. Unde deserunt natus nihil provident. Pariatur quis dicta delectus rerum hic quos.',44,61528,5,38899,'2012-03-18 07:11:50','1995-01-21 07:54:41'),(107,'neque','Aliquid quas tempora voluptates voluptatem delectus in omnis.','Et itaque nesciunt natus rerum. Asperiores corporis voluptates laboriosam iusto adipisci sit. Placeat praesentium ut facilis error maxime.',2147483647,'In voluptatem ipsum et magnam et sit. Alias aliquid voluptatem alias adipisci ab atque. Laudantium impedit voluptatem suscipit unde eveniet alias rerum.',49,59994,1,190277,'2021-02-05 12:16:14','1995-01-07 21:05:22'),(108,'tempore','Sit beatae ab delectus minima.','Esse voluptatem tenetur tempore dolor adipisci fugit ullam dicta. Quos accusantium incidunt sunt similique commodi corrupti officiis maxime. Eaque optio doloribus odit sit consequuntur est.',2147483647,'Omnis neque et earum distinctio adipisci quae. Architecto pariatur aspernatur voluptatum culpa natus. Eligendi aut sint inventore ducimus veniam voluptatum aperiam. Quisquam non laborum temporibus.',35,61963,3,54154,'2012-02-09 01:28:32','2014-08-29 19:35:27'),(109,'voluptas','Molestiae vel dolore et nobis ipsa qui.','Expedita natus maxime nisi delectus. Vel quia itaque similique quae nobis autem. Fugit et consequatur consequuntur nihil. Qui nostrum vero sint.',2147483647,'Ipsam et esse asperiores velit. Rerum ab voluptas commodi harum ducimus consequatur ratione. Reprehenderit consequatur est amet ratione. Aut hic inventore quibusdam et hic nobis sit.',19,56160,2,69147,'2021-02-05 12:16:14','2002-09-12 22:37:08'),(110,'qui','Recusandae quia et aut quia voluptas veniam.','Incidunt voluptatem totam et repudiandae accusantium ex quia. Reiciendis tempora quia consectetur placeat voluptatem aut sed. Repudiandae ipsum est omnis nulla maiores.',2147483647,'',4,1279,3,153036,'2008-05-25 15:42:16','1975-07-30 09:39:07'),(111,'ea','Incidunt aut doloribus nihil necessitatibus maiores non.','Excepturi suscipit temporibus eius qui. Eos ut adipisci debitis pariatur. Sint placeat dolor minima quia. Omnis sed qui sed quae itaque rerum.',2147483647,'Sit natus quis et voluptas mollitia ad. Voluptatibus accusamus quia aliquam. Autem perferendis culpa autem rerum architecto illo ut.',34,46971,2,198022,'2021-02-05 12:16:14','1975-05-11 11:53:26'),(112,'neque','Odio provident sint ut quam quo.','Ullam atque illum voluptatum quia placeat. Dolores rerum sit ipsa error provident incidunt vel veritatis. Vel ullam assumenda a laboriosam ducimus.',2147483647,'',25,34876,2,101669,'2007-07-07 08:37:24','2018-09-14 22:49:40'),(113,'voluptas','Doloribus dignissimos beatae ab et cumque pariatur alias.','Rem sint ea unde reprehenderit rem cumque blanditiis et. Sit amet sed vitae eveniet ea quisquam. Pariatur velit quis voluptate eos commodi animi tempore. Eos illo amet et nam non.',2147483647,'',24,45986,8,82751,'2021-02-05 12:16:14','2011-07-04 22:08:16'),(114,'neque','Hic rem ducimus excepturi sed et qui.','Consequatur eos voluptates minus qui reiciendis eveniet sit. Voluptatum repudiandae voluptatem nemo in. Minus vel dolores error aspernatur illum.',2147483647,'Et et praesentium ea consequuntur quia dolores ut. Est ducimus rerum ipsa ea. Sed aut dolor minus sit et. Ut fuga consequatur eius illo dolor ut sunt quia.',31,64665,4,143391,'2021-02-05 12:16:14','2004-11-11 10:07:57'),(115,'deserunt','Molestiae nesciunt nesciunt tempora et sapiente maiores qui.','Et voluptate dolor fuga. Beatae dolor qui voluptatem cumque eum dolorum ad.',2147483647,'',48,31395,5,96486,'2021-02-05 12:16:14','1979-12-23 13:41:04'),(116,'eveniet','Et fugiat est quo.','Voluptates ea autem non doloribus explicabo dolor. Est sed consectetur dignissimos earum non recusandae. Voluptatem vitae et expedita sed quae. Tempore sint ut exercitationem laboriosam aut. Corrupti sapiente autem dolor quasi.',2147483647,'',8,19786,5,14536,'2007-07-26 01:37:35','1978-02-08 03:55:16'),(117,'ratione','Et nulla et atque ab deleniti quia quia.','Aut nisi ipsam eum perspiciatis. Omnis doloremque ducimus assumenda. Voluptate est dolorum minima nisi cupiditate aut facere.',2147483647,'Cumque non voluptatem est rem sit. Natus molestiae dolor vel quas delectus. Et saepe autem facilis similique est tempore.',46,49690,7,78822,'2013-02-11 17:34:41','2019-02-16 05:24:52'),(118,'laborum','Exercitationem quasi nisi laborum minus culpa et voluptatem iusto.','Nostrum autem aut ipsa quas optio et debitis. Saepe asperiores occaecati veritatis eos. Repellat earum esse illum qui. Distinctio qui placeat et odio labore dolores aut.',2147483647,'Esse est aliquam eligendi consequatur hic ab repellendus est. Fugiat voluptatem fuga molestiae autem nulla sit. Quo eveniet quidem est velit at. Sed sint incidunt reprehenderit atque.',35,24889,2,177783,'2012-02-09 01:28:32','1982-03-02 22:15:22'),(119,'autem','Voluptatem cumque ducimus totam architecto excepturi a officiis.','Cum qui et nihil dolores consequuntur. Ipsa perspiciatis rerum recusandae minus molestiae. Nam aut et explicabo quisquam quae. Velit voluptatem soluta amet impedit.',2147483647,'Molestiae cumque voluptatem molestiae. Eaque necessitatibus necessitatibus repellendus. Vel non ullam ratione voluptates occaecati. Voluptatem earum velit aperiam eum minus.',45,72193,1,56742,'2021-02-05 12:16:14','2017-05-26 15:47:48'),(120,'magni','Recusandae voluptas facilis animi cumque occaecati at.','Officia quia nostrum aut praesentium neque et consequuntur. Officia et ex assumenda rerum officia ut id. Dolores aut corrupti dicta provident quaerat nemo quia. Explicabo aliquam aut iure et quam quod. Enim culpa consequatur accusamus provident.',164296558,'',37,28030,1,34826,'2010-07-15 01:51:36','2009-03-02 11:25:11'),(121,'et','Voluptates soluta et praesentium quaerat voluptatem tempore.','Fugit praesentium doloribus dolor reiciendis pariatur ratione labore. Aut non facere tenetur assumenda culpa consequatur aut voluptatem. Officiis velit nesciunt omnis sed fugiat. Modi illo quam maiores ipsum voluptatem omnis. Enim ad provident quo.',670413534,'',46,30752,4,97118,'2013-02-11 17:34:41','2016-06-09 15:17:19'),(122,'autem','Et corporis qui aperiam.','Ea voluptatibus qui neque quasi quis. Et veniam expedita quia ut vero beatae ab provident. Et error aut beatae magni.',759291553,'Id quam minima est. Vero qui provident qui perferendis qui vitae. Fuga corporis voluptatem amet officia.',27,90640,5,132258,'2021-02-05 12:16:14','1998-06-09 15:28:52'),(123,'ut','Numquam commodi sit non totam architecto sit.','Omnis qui aliquam et aut accusantium voluptas. Enim asperiores ut id quo perferendis. Nam saepe debitis consequatur aliquid aspernatur. Quia cupiditate earum quas facere eius.',167590622,'Nulla exercitationem aut aut fuga voluptas ut. Animi dolores vel cum placeat quibusdam. Aut sequi tempore iure.',16,96217,7,47156,'2008-09-15 11:48:03','1998-08-25 11:55:13'),(124,'rem','Quis est totam enim quod ut fugit et totam.','Eos rem quis magnam totam expedita voluptatibus non. Error aut doloribus dolorem asperiores voluptas enim vel amet. Delectus laborum perferendis consectetur repellendus nobis. Nostrum doloribus esse nesciunt soluta aut eaque harum.',1055072602,'',12,52459,5,95534,'2007-01-26 03:37:27','1999-11-18 14:44:50'),(125,'dolor','Voluptatibus in consectetur dolor sed suscipit vitae.','Nesciunt blanditiis sed ut deleniti architecto et voluptatem. Eligendi sint fugit eum deleniti et porro cum.',2147483647,'',8,20908,7,135624,'2007-07-26 01:37:35','1992-05-17 13:14:15'),(126,'et','Quia voluptatem qui quae voluptatem sunt ut fugiat.','Nobis omnis id mollitia voluptas sed ea ullam. Aperiam repellendus ad sed ratione sed omnis. Eligendi quis sit sint aut architecto. Beatae officia itaque quia in maxime consectetur ex.',2147483647,'',45,42150,4,55585,'2021-02-05 12:16:14','2012-10-25 21:04:13'),(127,'aut','Dolor iure sapiente eos sit ad debitis.','Porro distinctio est unde quisquam odio aut. Illo reiciendis et quidem velit iusto dolores tenetur. Esse explicabo sed inventore neque error iusto consequatur. Laborum molestiae numquam temporibus.',2147483647,'',38,56180,8,105161,'2021-02-05 12:16:14','1980-10-26 07:56:59'),(128,'numquam','Similique qui at molestiae nihil.','Qui id voluptas totam est. Modi veritatis quis natus fuga non velit harum. Distinctio quasi eos id animi aut quia distinctio. Quis quia facilis alias nesciunt explicabo.',2147483647,'Dolorum alias ut dignissimos praesentium cumque omnis recusandae sint. Nesciunt aut similique cumque corporis. Libero ea aspernatur itaque rerum aut quibusdam voluptatem.',32,61950,7,94056,'2021-02-05 12:16:14','2000-11-15 09:20:26'),(129,'minima','Impedit asperiores atque eum nam dolor blanditiis nam ex.','Aspernatur hic aut minus ab iusto. Voluptate facere aut vitae ad ratione aut enim. Aspernatur consectetur expedita tempora earum sed optio.',2147483647,'Eos sit modi rerum ea aperiam. Rerum unde molestiae ex esse sequi commodi aperiam. Dolore praesentium et iure.',13,1224,4,69739,'2021-01-10 07:29:53','1984-02-25 10:13:34'),(130,'velit','Cupiditate dolorem earum aspernatur ducimus sit voluptate ad.','Adipisci nihil nihil harum ut sed maxime. Qui quis eos hic sed voluptatem enim omnis. Omnis non quod cupiditate consequatur. Architecto cumque nostrum ab id qui et facilis.',2147483647,'',33,42,5,61806,'2021-02-05 12:16:14','2019-07-27 11:52:02'),(131,'est','Qui et quae aut vel enim voluptatem.','Iste mollitia et voluptatem dolor reiciendis pariatur. Excepturi consequatur quae quod a atque exercitationem dolorem. Ipsum rem et quas aliquam quas natus. Alias qui dignissimos vero dignissimos est vero sed.',2147483647,'Quos aut blanditiis sunt ut. Blanditiis aut expedita earum rerum et. Cupiditate ducimus reiciendis explicabo voluptas aspernatur quos.',13,38107,8,68528,'2021-01-10 07:29:53','1992-07-12 03:11:14'),(132,'maiores','Minus sit consequuntur ut laudantium cum.','Aperiam consequuntur nam sed quia. Voluptatibus aut est quod quia similique vero. Blanditiis tenetur et dolorem sed. Ullam accusamus est amet vel.',2147483647,'Necessitatibus maxime dolor aut magni placeat. Ut eos explicabo neque nihil possimus pariatur voluptatem.',3,30460,2,2253,'1993-12-27 23:03:28','1999-08-29 03:16:40'),(133,'qui','Odio dicta doloremque modi provident.','Aut odit voluptatem est illum dolorem vitae. Sapiente beatae dolorem ipsa voluptas aspernatur beatae hic. Eligendi fuga exercitationem nobis repellendus aliquid. Quod quae ea officia illum.',808988764,'',25,96863,2,175645,'2008-01-02 23:25:40','2003-09-10 10:58:30'),(134,'explicabo','Quia sequi non et corrupti.','Consequatur quasi architecto reiciendis porro nisi officiis incidunt. Repellat ullam veritatis qui aut. Beatae vitae facere impedit tempore autem.',2147483647,'',11,64757,6,152342,'2021-02-05 12:16:14','2020-08-20 03:01:25'),(135,'debitis','Laudantium nostrum aperiam est natus sed omnis aut.','Veritatis cupiditate a voluptas non. Aut minima voluptas molestiae et necessitatibus dolore. Perspiciatis fugiat quod reprehenderit. Et et a vel unde voluptatum excepturi laboriosam.',2147483647,'',35,49152,1,56088,'2021-01-12 21:04:57','2003-10-31 15:19:10'),(136,'repudiandae','Porro aliquam repudiandae quis omnis aut soluta.','Aut voluptates aliquam qui architecto. Odio laboriosam rerum assumenda. Non vero et harum.',2147483647,'',6,22965,6,173204,'2008-01-13 05:35:25','1984-07-08 07:13:30'),(137,'totam','Laborum aut labore assumenda dignissimos.','Iste quibusdam quisquam recusandae doloribus natus. Sint delectus aut fugiat et. Ut ut at minus quam provident exercitationem. Aliquid quidem iste provident soluta rerum.',652741392,'',3,28172,1,27298,'1992-05-21 07:35:41','1993-03-30 05:13:07'),(138,'quia','Animi quae rerum nihil et.','Quibusdam rerum ab et autem asperiores atque minima. Eos cupiditate quis qui adipisci provident totam fuga molestiae. Autem in quos sit et aut ipsum consequatur.',2147483647,'Quam quod exercitationem omnis optio sed odio dicta. Illum ut qui fugiat vel itaque odit animi placeat.',38,97283,3,185285,'2021-02-05 12:16:14','2002-02-25 11:02:28'),(139,'consequatur','Et eveniet voluptatem placeat enim.','Magni dignissimos officia minima adipisci ipsam aut aut voluptatem. Aliquid et neque cupiditate eaque consequatur eum necessitatibus unde. Ipsa aut reiciendis velit. Sed sed ratione fuga facilis voluptate praesentium.',2147483647,'Quisquam ut quibusdam aut odit. In aliquid voluptatum enim ut. Qui voluptas autem cumque voluptas optio.',27,80396,8,36730,'2021-02-05 12:16:14','2009-09-01 08:21:24'),(140,'vel','Quidem sit maxime impedit et adipisci dignissimos enim ab.','Repudiandae similique exercitationem aut. Dolores consequatur quidem sit unde. Nobis quidem maxime et cum. Quasi corrupti atque nobis aut et quia aliquam. Dolorem molestiae aut quia placeat quos sunt sapiente.',2147483647,'Nam non quis laudantium sed dolore rerum rem. Ipsam dolores voluptatum provident veniam impedit facilis ipsa. Dolorum consequatur id distinctio. Tempore et maiores iste provident.',29,78151,4,16858,'1993-11-15 10:43:44','2013-01-30 17:13:25'),(141,'quod','Necessitatibus voluptatem qui et aperiam natus.','Enim qui ipsam numquam voluptate occaecati alias. Quis placeat veniam aut. Ad sequi mollitia dolor eligendi tempore repudiandae. Qui eius ut tempore et amet quo aut.',2147483647,'',34,8951,7,24110,'2021-02-05 12:16:14','1986-10-23 07:13:21'),(142,'impedit','Quasi vel vel qui est et necessitatibus nesciunt.','Consequatur porro dolor dolores atque tempora corporis provident. Quia odit in maiores non adipisci et. Suscipit laborum ipsa eius. Aliquam et quo quo aut autem.',1129662657,'Rerum eaque commodi ut eius quia deleniti culpa. Non quo possimus eius nobis libero qui omnis. Quidem voluptas quam voluptatem dolores qui possimus. Numquam nihil ipsum placeat.',9,36620,1,65544,'2010-07-26 11:22:27','1978-03-29 13:54:32'),(143,'sunt','Quaerat pariatur aut placeat culpa explicabo ut.','Nihil quia quas non sint. Nemo dolorem officia nisi labore expedita. Quis temporibus perferendis quod dolorem animi quibusdam. Nisi exercitationem ducimus error quis.',780449491,'',38,73589,6,156690,'2021-02-05 12:16:14','1978-02-15 19:34:33'),(144,'quis','Aut rerum dicta facilis beatae ut consequatur ea quos.','Et dolorum aliquid quia porro sapiente. Aut quaerat molestias incidunt ut amet voluptates ut praesentium. Sed ad officia a accusamus quam ut enim. Consequuntur fuga recusandae non libero.',2147483647,'Ullam et vitae eum est quibusdam illum. At fugit aut libero veniam. Corporis voluptate quia voluptates quidem unde. Suscipit exercitationem qui officia et voluptatum.',39,50308,6,192360,'2021-02-05 12:16:14','1989-01-22 22:54:08'),(145,'voluptas','Deleniti fuga inventore dicta.','Possimus et officiis id placeat. Nam natus asperiores eveniet iste autem fugit eveniet distinctio. Ab nemo amet assumenda repellendus accusantium harum sequi.',2147483647,'Aliquam quasi aliquid maiores ut at omnis quo quisquam. Deserunt eos perspiciatis quaerat autem ut. Amet eum vero voluptatibus illum enim.',20,61434,4,110211,'2003-08-21 16:03:22','1992-03-05 14:38:56'),(146,'iure','Beatae est cumque ad dolor nisi quo omnis.','Accusantium eligendi provident et aliquid aut eum qui. Autem qui eius nulla assumenda. Optio asperiores et ad neque vero.',1260494472,'',10,36462,4,126597,'2016-05-20 02:41:09','2001-11-07 16:15:29'),(147,'et','Doloribus perferendis possimus id sint velit cum ut.','Tempora quam omnis in sunt commodi eum. Quia nihil quas nam qui aut. Reiciendis voluptatibus eos eligendi est aperiam error totam.',2147483647,'',47,60132,6,82427,'2021-02-05 12:16:14','1984-04-01 21:33:06'),(148,'laudantium','Dolore eos consequatur et neque.','Deleniti vel aliquam voluptatibus cupiditate. Quidem aliquid omnis earum. Voluptatem nihil natus dolorem eos ut perspiciatis voluptas. Modi reprehenderit molestias est ducimus repellendus.',2147483647,'Quas voluptates dolore soluta repellat eligendi. Sit tempore sapiente rerum et doloremque quae et. Omnis et natus qui nihil similique reiciendis odio.',49,95331,7,98071,'2021-02-05 12:16:14','2007-08-11 15:51:48'),(149,'beatae','Possimus est aut recusandae et ut.','Perspiciatis consequatur occaecati explicabo perspiciatis deserunt ut amet omnis. Quis facere facere fugit qui molestias cumque placeat sed. Molestias provident repudiandae eligendi.',2147483647,'',46,39115,6,76209,'2013-02-11 17:34:41','1989-05-13 12:28:13'),(150,'itaque','Nobis impedit autem reiciendis veniam sed est.','Repudiandae qui impedit officiis veritatis ex. Consectetur non quo architecto at laboriosam mollitia. Sit praesentium nemo id labore odit beatae voluptas.',2147483647,'',20,89130,6,10788,'2003-08-21 16:03:22','1987-07-16 06:22:42'),(151,'quas','Ut incidunt et qui harum omnis nemo sapiente quidem.','Pariatur ipsa molestiae illo consequatur consequatur dignissimos. Deleniti sint incidunt facilis debitis. Eligendi officia ex dolorum error temporibus totam sint.',2147483647,'Nesciunt cupiditate eum eum voluptas quos ea. Officia sequi quam neque repellendus. Earum aut quia qui. Est ducimus est iusto magni aut.',5,51608,6,96177,'2021-02-05 12:16:14','1974-11-06 13:07:41'),(152,'accusantium','Est esse autem magni est esse doloribus autem.','Fugit voluptatum dignissimos possimus dicta rem omnis. Eum cum ratione enim inventore ut aspernatur occaecati dolorem. Tempore velit ut sapiente dolorem. Ducimus repudiandae et accusamus. Rerum voluptas repellat rem est illum ut.',1064710835,'Iure eaque consequuntur placeat rerum aut dolorum eum. Ut magni sint illo corrupti ab ut. Et consequatur sint est vero inventore est. Impedit sunt aut autem commodi.',18,60932,4,190192,'2021-02-05 12:16:14','1973-04-30 03:14:28'),(153,'omnis','Quam tempora unde mollitia.','Impedit sed at ut est animi. Recusandae ut quae inventore occaecati et. Eligendi repellat et laborum nihil officiis nisi fuga earum.',2147483647,'',25,57886,3,159515,'2012-07-16 21:01:09','2013-05-23 14:49:43'),(154,'corrupti','Dignissimos sit modi sed necessitatibus vel aut.','Dignissimos cum enim itaque et autem illo nam. Iure officiis quo quisquam blanditiis quos. Modi perspiciatis voluptatibus sequi deleniti doloribus.',2121063555,'Tempora inventore numquam vitae temporibus consequatur accusamus. Eveniet et quia tempore et. Et ut quod nobis consectetur.',13,22885,2,162431,'2021-01-10 07:29:53','2005-05-05 09:09:08'),(155,'molestiae','Sequi aut facere aut quod.','Quasi similique reiciendis ullam numquam. Culpa laborum harum inventore nulla asperiores totam. Iure beatae rerum molestiae cumque. Ut repellat ut natus aut eligendi.',2147483647,'',49,31398,2,84604,'2021-02-05 12:16:14','2002-05-12 18:13:17'),(156,'voluptatem','Et quo fugit omnis non.','Sint et ducimus consectetur accusantium rem tempore atque. Autem dolores quis velit ad explicabo ratione. Maiores amet sequi veritatis ea sunt at voluptas alias.',2147483647,'Quis quia quae qui eveniet. Ut cum eius cupiditate sint id iste. Quod eos accusantium enim accusantium et. Quis nam amet vel id sint iure.',16,11989,2,101169,'2008-09-15 11:48:03','2016-05-12 05:45:37'),(157,'at','Doloremque doloribus exercitationem itaque laborum atque a.','Natus aut fugiat nihil excepturi. Minima consequatur a voluptatem sit sint expedita incidunt. Rerum qui aperiam fuga autem illo dolore.',1860162009,'Et expedita officia voluptatem consequatur reiciendis. Vero libero molestias in vitae voluptatem. Et sed corporis voluptatem voluptatem labore. Ut doloribus perferendis placeat sed.',2,61687,2,102469,'2021-02-05 12:16:14','1972-06-29 11:35:54'),(158,'cupiditate','Doloremque aperiam aut libero iste.','Maxime tempora sed aspernatur quisquam. Qui accusamus sint et ex. Omnis delectus dolorem molestiae occaecati. Tenetur sit itaque minima amet quia sed suscipit. Totam sed ut rerum et sed.',1982247765,'Inventore aut eius libero. Perspiciatis suscipit velit qui illo perspiciatis. Et quos repellendus non vero.',25,22518,5,9892,'2007-07-07 08:37:24','1983-04-28 10:51:48'),(159,'provident','Dignissimos optio cupiditate est et porro quas.','Corporis quisquam cumque impedit rerum dolor laboriosam. Voluptatum et voluptatem magnam consequuntur et qui fugit. Corrupti et suscipit atque libero.',1533695947,'',38,17133,2,190535,'2021-02-05 12:16:14','2000-06-20 02:00:57'),(160,'mollitia','Eveniet optio a et expedita officiis sed.','Tempore nam modi repellat consequuntur sequi. Expedita dolores libero dolorem consequatur non repellendus.',1480259206,'Corrupti cumque culpa dolores totam nihil. Animi officia consectetur blanditiis quos provident quaerat accusantium. Ea laboriosam voluptatem ut aut iusto asperiores autem.',33,55005,5,87773,'2021-02-05 12:16:14','2015-04-03 09:56:50'),(161,'temporibus','Vitae sint quisquam quibusdam voluptas nulla.','Amet iure blanditiis rem veritatis unde quia et. Maiores et et eaque sit aut atque ea. Qui ut dolor non qui.',2147483647,'',50,19389,6,181877,'2017-10-10 05:34:25','1997-11-05 16:00:33'),(162,'explicabo','Qui autem cumque voluptatibus exercitationem aperiam ut.','Qui perferendis similique amet alias quis. Repellendus nobis reprehenderit sequi sint officiis mollitia ea. Alias quia minima at aliquid quisquam sequi voluptas. Totam velit accusantium eos fugit nulla earum et commodi.',2147483647,'',7,32198,4,50524,'2018-07-18 22:34:10','1976-03-15 05:03:01'),(163,'harum','Tempore nobis vitae voluptas.','Itaque maxime adipisci accusantium sit impedit. Et consequatur incidunt ut voluptatem. Ducimus aut delectus non aspernatur quod voluptas repudiandae aliquam.',2147483647,'Architecto unde vero culpa deserunt. Sed ut suscipit ab. Eius voluptate perferendis libero neque sint. Aut aliquam et pariatur numquam dolorum ut rem deserunt.',45,20119,3,14985,'2021-02-05 12:16:14','1985-07-10 20:52:18'),(164,'pariatur','Et in occaecati quia et tempore aut.','Quidem et sint odio eum. Porro deserunt dolore est tempore. Aut eaque nemo quis atque. Eum ab maiores porro voluptatem necessitatibus rerum possimus ullam.',2147483647,'',24,41822,2,43891,'2021-02-05 12:16:14','1993-01-08 20:13:16'),(165,'harum','Officiis et dolor aut aut eveniet.','Omnis ab non id incidunt rem. Aspernatur at alias sed in recusandae et ut ut. Voluptas quod in voluptas quia id eligendi. Est cumque qui eum voluptatem voluptatibus possimus placeat. Minima tempora harum delectus.',2147483647,'Excepturi sit quia odio deleniti amet qui velit. Atque dolor voluptate rerum tempore qui est. Deleniti tempore quis id incidunt qui ad. Et ut odit quod id odit.',11,85884,5,19893,'2021-02-05 12:16:14','2013-08-20 17:30:35'),(166,'nisi','Consequuntur quidem non id vitae explicabo dolore laudantium.','Quis et et id consequatur quia. Et vitae expedita vitae mollitia dolor ut quo ut. Soluta quibusdam maxime adipisci nam est aliquam. Et eum consectetur dolorum dignissimos harum architecto magnam.',2147483647,'',50,12476,4,54506,'2018-08-20 23:40:56','2001-05-07 07:09:47'),(167,'corporis','Eaque ut et rem numquam rerum et.','Laborum vitae est id voluptas. Odit molestias et voluptatibus omnis ut sunt error rerum. Architecto modi voluptates et iusto. Sint voluptatem quis et sed eum eaque aut.',2147483647,'Eveniet deleniti qui beatae quibusdam quas. Omnis odit debitis dolor. Hic ad numquam aut. Totam veritatis facilis necessitatibus error deserunt dolor unde ducimus.',48,66097,1,28527,'2021-02-05 12:16:14','1973-04-14 13:45:50'),(168,'ut','Aut ipsa sunt aut modi accusamus tempore mollitia.','Sed architecto rerum ullam mollitia eius eos officiis. Aut tempore consequatur vero dolor.',2147483647,'',50,69227,7,136683,'2017-10-10 05:34:25','1986-04-05 02:21:10'),(169,'fugit','Quas possimus et quasi quisquam veritatis vel.','Nesciunt est cum aspernatur harum recusandae minus animi harum. Dignissimos provident saepe est dolorem qui molestias neque.',2147483647,'',2,44126,4,183584,'2021-02-05 12:16:14','2001-03-16 18:20:18'),(170,'id','Hic eum distinctio necessitatibus error rem.','Accusamus alias natus sequi excepturi enim. Ipsum enim commodi esse qui qui nemo non iure.',2147483647,'',14,8528,8,139214,'2019-02-22 03:39:32','1974-05-07 04:07:13'),(171,'voluptatem','Aut ratione sint quis officia iusto.','Impedit et fugiat rerum debitis. Quidem omnis quo perferendis eius enim et optio. Cumque saepe non molestiae excepturi omnis neque suscipit et. Non dolor qui quia quia.',2147483647,'',11,87650,7,193244,'2021-02-05 12:16:14','1983-06-08 15:10:33'),(172,'dolor','Non sed nam voluptatem officia.','Culpa officiis incidunt consectetur. Blanditiis quo rem quaerat praesentium. Accusantium commodi est et ut at ab. Sed consectetur aut non.',2147483647,'Numquam id impedit qui molestiae ut temporibus. Quae sint deleniti a sint at dolores eum. Aut similique voluptatem pariatur in praesentium.',29,7580,3,55765,'2000-07-28 13:20:06','1976-07-25 11:16:11'),(173,'sit','Nobis sed qui in reiciendis aut.','Minus sapiente aperiam voluptas. Iste minus quaerat voluptas voluptatem consequatur.',1476382254,'Id vero aut ipsa quisquam. Alias tempore corporis omnis atque ad ut consequatur. Et consequatur tempore minus velit. Error praesentium sed nulla.',35,99966,6,95824,'2019-02-23 10:39:34','2005-01-06 10:21:26'),(174,'similique','Tempore dolor iure tempora ab.','Illo minus possimus aut sapiente qui tempore nisi nostrum. Et ipsam et ut maiores hic ad. Dolor id nihil veritatis.',2147483647,'Pariatur molestias totam eum odit aliquam aut nihil. Velit accusamus accusantium rem quas enim eum culpa. Dolorem aliquam ullam at in natus. Quia dolore sit quas et.',11,81922,4,154403,'2021-02-05 12:16:14','2010-05-10 17:54:19'),(175,'non','Fuga ea aliquid ducimus vero nostrum quisquam.','Suscipit enim est et et. In ullam autem provident eveniet repellat. Veritatis vitae dignissimos consectetur cum voluptate aut.',2147483647,'',28,68431,7,33165,'2021-02-05 12:16:14','2004-09-09 20:37:18'),(176,'vel','Magni voluptas consectetur magnam voluptas.','Labore deleniti voluptatibus sapiente incidunt corrupti hic. Amet sed dolorum labore accusantium aut iure. Minima rerum qui optio deserunt molestiae omnis.',2147483647,'Pariatur autem sed libero tempora odio ut eum aut. Nisi amet voluptatem et. Alias qui quasi odit hic sed et. Eum dolores optio non.',50,54317,5,18542,'2017-10-10 05:34:25','1990-11-29 22:59:57'),(177,'aut','Voluptatem dolor voluptatum recusandae iure esse.','At minus non modi cupiditate deleniti dolores et. Quod fuga porro illo corporis sed voluptate. Consequatur culpa ipsum iure quia quo cumque expedita.',2147483647,'',41,42367,6,165845,'2015-01-04 21:35:51','2010-05-05 11:03:38'),(178,'rem','In quia dolores nesciunt earum nam ullam.','Nam fugiat velit autem non unde nihil rerum inventore. Aut id aut eos voluptatem et ipsam. Non sapiente dolor nemo porro aliquam ratione sint. Iste sint consequatur est voluptatum dolores dolor.',2147483647,'',35,41299,4,88587,'2012-02-09 01:28:32','2016-03-28 17:02:35'),(179,'debitis','Eveniet exercitationem excepturi aut est laudantium natus.','Ullam ipsum eos sint explicabo. Nulla pariatur veritatis temporibus corrupti est qui tempore ad. Magnam optio dolores numquam rem.',2147483647,'',19,37899,8,121251,'2021-02-05 12:16:14','1993-10-22 19:13:05'),(180,'a','Sequi magnam veniam aspernatur ut harum nulla facilis odio.','Nesciunt cum vel delectus. Veritatis est enim eius dolores illo dolore. Quia libero nihil animi minima nulla soluta occaecati. Est eius sed optio dolorem.',2147483647,'Dicta ut quidem beatae officia. Alias sit doloribus ad sunt vero nobis. Est non possimus dolor dolorem ea minima quia.',43,86607,3,145951,'1998-01-15 08:06:43','1994-07-01 12:01:13'),(181,'reprehenderit','Qui quia voluptas voluptas optio mollitia provident.','Esse quis excepturi non blanditiis animi nulla. Magnam id perferendis exercitationem quod pariatur placeat. Maxime dolor hic sed doloremque. Veniam quia impedit ut.',2147483647,'Eos ut nostrum quae quas sit provident nihil. Id ipsam quidem et. Dolores at qui nesciunt quod aut maiores. Quo occaecati qui nisi dolores.',3,21148,2,170133,'2012-06-05 11:56:16','1978-11-06 17:44:50'),(182,'et','Quo laboriosam repellat dolores blanditiis aut.','Distinctio esse aut iste corrupti est tenetur. Maxime provident aut aut minus. Doloribus non commodi dolores magni ipsam quod.',195003871,'Hic optio qui assumenda et. Omnis qui aut quod ad ipsam. Illo esse qui qui blanditiis voluptas voluptas. Veniam qui asperiores culpa eius.',33,96595,1,193892,'2021-02-05 12:16:14','1986-01-06 01:32:53'),(183,'pariatur','Et harum iste aut aut unde.','Totam velit eveniet sed saepe aliquid. Culpa quia sint excepturi aut. Dolor possimus quo sit inventore hic tempora dignissimos.',2147483647,'Animi ducimus nostrum cupiditate ut est eligendi pariatur. Consequuntur ipsa et excepturi quisquam.',49,69257,4,168205,'2021-02-05 12:16:14','1985-06-10 07:03:54'),(184,'quod','Aliquam autem repellendus et delectus vitae accusantium et.','In a deserunt nesciunt cumque velit magni aut. Omnis voluptas nihil nihil. Culpa adipisci voluptates veritatis et aut incidunt. Nihil voluptas expedita qui tempore atque.',2147483647,'',26,28778,7,52285,'2017-08-30 15:49:48','1980-03-15 19:07:38'),(185,'tenetur','Consequatur culpa ullam et distinctio quis cumque.','Blanditiis tempore molestiae et ratione et. Sit voluptatem qui fugit veniam. Omnis fugiat veritatis labore quam quia.',2147483647,'Quia sit consectetur distinctio deleniti. Et est quia commodi aut sint sit. Enim qui quibusdam qui velit maxime delectus.',2,85751,8,58355,'2021-02-05 12:16:14','1990-02-09 22:32:08'),(186,'ipsum','Qui quam velit aut consequatur delectus.','Et qui quo ratione rerum qui. Eaque velit asperiores eaque non. Aliquam ipsa consequatur placeat et aut nulla.',2147483647,'',10,15854,1,30481,'2016-05-20 02:41:09','1989-06-01 15:38:28'),(187,'voluptas','Cumque dolore illum dolore velit labore totam.','Repellat illo nihil occaecati enim perferendis. Rerum rerum omnis aut sed. Nihil reprehenderit perferendis et eius illum tenetur incidunt. Et placeat enim impedit quo quas assumenda.',2147483647,'Rerum consectetur veritatis minima iusto. Pariatur voluptas molestias qui. Rem officiis voluptas fuga eos est totam ea.',12,95676,2,52190,'2007-01-26 03:37:27','2007-08-06 20:34:31'),(188,'rerum','Debitis sunt corrupti tenetur fuga fugit.','Molestiae voluptas ut itaque eaque reiciendis occaecati pariatur sapiente. Aliquam aut nemo vero doloribus nihil amet qui. Deleniti molestiae recusandae accusamus neque.',264586871,'Perspiciatis assumenda assumenda quos. Est temporibus sit saepe culpa. Necessitatibus eaque dolores aut sit quod corrupti vero. Autem velit inventore temporibus magnam voluptatem.',2,96466,5,152414,'2021-02-05 12:16:14','2004-06-24 08:32:23'),(189,'et','Culpa natus quia fuga tempora.','Omnis doloribus non repellendus et magnam et. Sit ipsum eligendi mollitia. Repellendus laborum magni eaque.',1563496688,'Officiis ut rerum dolores enim explicabo. Pariatur modi ex praesentium aut dolorem quibusdam. A totam tempora quasi atque.',50,87021,4,132614,'2017-10-10 05:34:25','2017-05-14 18:46:10'),(190,'qui','Fugiat consequatur labore quos vitae.','Sit doloremque maxime perferendis veritatis. Voluptatum soluta repudiandae quo cupiditate expedita voluptas. Distinctio quisquam velit quam quidem.',2147483647,'Enim nemo est distinctio quia. Distinctio delectus aut magnam non facere autem autem. Assumenda vero est autem dolores. Illum maxime quidem facere voluptatem et et.',41,49984,8,193174,'2015-01-04 21:35:51','1992-06-19 01:03:41'),(191,'similique','Sunt temporibus non voluptatem aut rerum quis.','Iusto voluptas at sequi velit id aperiam et. Officia suscipit aut qui nihil unde. Non maiores illo esse ut consequatur voluptas asperiores.',2147483647,'',40,96296,6,108060,'2021-02-05 12:16:14','1984-12-02 13:17:53'),(192,'animi','Et magni officiis aut.','Doloribus eum cum sunt modi. Quia dicta non beatae dignissimos atque nesciunt. Possimus facilis ut architecto saepe. Neque adipisci qui similique nemo reiciendis.',2147483647,'Et voluptas ducimus illum quod nam animi. Est ipsa omnis id qui est accusantium. Itaque et fugiat nobis nesciunt.',25,89904,7,196400,'2007-07-07 08:37:24','1996-02-09 01:07:43'),(193,'doloribus','Perferendis nihil voluptate ut nulla voluptate tempora.','Error accusantium beatae ut eligendi minima illo. In magnam eum omnis minus officia ducimus ab vel. Odio similique et accusantium itaque et.',2147483647,'Eligendi sit nobis eveniet molestiae id. Facilis perspiciatis itaque sint sapiente qui tenetur facere. Totam recusandae est est illo quo est. Debitis neque architecto aut quis libero dolor.',44,72338,2,41948,'2012-03-18 07:11:50','2002-02-24 11:17:04'),(194,'omnis','Aliquam voluptatem vitae dolor maiores facere ea modi.','Ab rem ex est maxime. Consequatur atque architecto voluptas laboriosam nostrum.',2147483647,'',3,36709,4,71186,'1992-05-21 07:35:41','1999-03-26 05:10:11'),(195,'dicta','Facilis et magni tempore voluptatem aut cum.','Similique vel blanditiis omnis sapiente et mollitia. Voluptatem id ex dolor eveniet. Incidunt nihil debitis aperiam eveniet provident voluptas.',2147483647,'Consequatur minus maiores nesciunt commodi vel amet ullam. Aut provident est fugiat tenetur doloremque vitae ipsum. Quis odit perspiciatis sed asperiores.',40,60915,6,42224,'2021-02-05 12:16:14','1996-05-18 22:49:37'),(196,'et','Non necessitatibus veniam quaerat sed.','Natus fuga corrupti et laboriosam neque blanditiis ea. Dignissimos assumenda nulla ipsum quo qui et similique in. Aspernatur est occaecati natus provident suscipit sapiente sit. In ab voluptas at officia iusto in.',1160382674,'Et est expedita molestiae illo ullam sit sit. Sunt qui sint quas aspernatur omnis enim nesciunt doloremque. Quisquam et ipsam porro possimus ut eaque numquam.',29,90312,4,168155,'1995-11-03 04:18:29','1984-09-06 20:49:18'),(197,'ipsam','Aspernatur mollitia nulla qui.','Aut consequatur dolore occaecati quidem est sed. Ad molestias corrupti accusantium unde rerum. Excepturi aut perferendis quidem doloribus quis accusantium nobis. Dolorem eos molestiae quia. Sit est ut possimus.',2147483647,'',7,90481,5,199062,'1995-04-22 07:43:11','2002-12-13 00:09:17'),(198,'ab','Temporibus quis voluptates culpa omnis nobis aliquam.','Et repellat perspiciatis reiciendis laudantium laudantium doloremque est. Voluptate distinctio voluptatibus odio voluptas. Et ea sunt eius cumque atque quis explicabo ut.',2147483647,'',13,85590,1,171548,'2021-01-10 07:29:53','2014-09-09 11:08:11'),(199,'et','Voluptatem necessitatibus eum aut voluptatem et architecto nesciunt et.','Facilis quia minus id quod. Cumque nam minima non culpa doloremque. Rerum minima assumenda quis distinctio.',724671763,'Quod soluta perspiciatis et ea et aut soluta. Totam reiciendis quia ut debitis neque est. Autem totam tempora a explicabo repudiandae rerum perspiciatis.',14,96250,1,101679,'2019-02-22 03:39:32','2002-03-26 14:19:45'),(200,'fugiat','Quod nihil nemo facere eius sunt sed qui.','Dolore sed culpa qui. Architecto nulla modi harum qui aliquam consequatur eius. Minima alias qui sed fugit.',2147483647,'',9,45411,4,114975,'2010-07-26 11:22:27','1983-01-17 22:39:07'),(201,'corporis','Cumque eum molestiae voluptas et sed temporibus.','Quam recusandae eos in repellat velit eveniet. Optio voluptatibus quod est vel repellat. Omnis architecto aut amet voluptatum sequi et.',2147483647,'Suscipit nam veritatis accusamus qui. Officiis in dolorem voluptatem repellendus qui est. Architecto dolorum nostrum sit.',15,99883,6,97648,'2021-02-05 12:15:39','1990-10-12 07:35:19'),(202,'quasi','Sint voluptatem quia voluptatibus iste quas dolorem est.','Magni aut repudiandae sequi ut consequatur. Quisquam eos expedita omnis deleniti eaque. Dolor autem dolor veniam nihil exercitationem sit.',2147483647,'',33,37856,4,141069,'2021-02-05 12:16:14','2006-04-23 14:29:23'),(203,'illo','Aut dolores sed ex eius velit nihil.','Quo minima possimus ex est sed ut expedita. Possimus molestiae accusamus rerum voluptatum ipsum. Voluptas aut omnis consectetur ad rerum. Ut id rerum et eaque asperiores laboriosam.',2147483647,'Quia sapiente autem quam est atque. Aut et hic molestiae eos aut numquam. Perspiciatis fuga ipsa praesentium impedit et est qui.',32,6523,4,58617,'2021-02-05 12:16:14','2016-06-22 20:26:05'),(204,'mollitia','Culpa veritatis veniam consectetur dolorum.','Explicabo eius animi unde illum voluptate. Similique ipsa ex sit. Dolores est voluptates qui.',2147483647,'Sit aut enim harum. Consequatur quaerat quo id ipsam. Sed qui aperiam quo sit pariatur in.',41,90250,3,172816,'2015-01-04 21:35:51','1996-05-18 05:09:40'),(205,'molestias','Deleniti hic doloribus est id.','Quibusdam fugiat soluta eaque veritatis vero voluptatibus quasi delectus. Amet soluta corrupti illo molestiae delectus mollitia. Sit voluptatum velit tenetur non ut. Et quia neque at dolorem ipsam libero quibusdam.',2147483647,'Dolores ut incidunt et occaecati totam enim. Ipsum minima aspernatur animi corrupti commodi. Aut aliquam culpa dolores aliquam voluptas sit.',16,69864,4,197196,'2020-04-20 08:19:28','2004-10-30 09:18:29'),(206,'quae','Fugit voluptas cumque repellendus fugiat.','Maiores repudiandae laboriosam saepe dolorem et qui. Totam aliquid corporis tempore est aut optio.',2054917955,'Nihil eligendi soluta eos voluptatibus quo. Ex sit qui vitae suscipit exercitationem dolorum quis. Autem quia et ut commodi laborum quas earum.',14,21006,5,192297,'2019-02-22 03:39:32','1989-12-23 09:00:13'),(207,'sed','Enim et dolores fuga consequatur maxime numquam sint.','Ipsam nisi excepturi unde qui dicta. Aut illo nostrum molestiae et quae. Et quia numquam dolores et autem.',2147483647,'Non minus rerum ut repellendus. Molestiae tempora ipsa quam quia. Molestiae et magnam est ut.',15,56055,7,150272,'2021-02-05 12:15:39','1972-04-26 00:32:38'),(208,'corporis','Placeat dolorem ut aliquam a.','Sunt assumenda pariatur perferendis sed nisi architecto molestias. Non repellat ex necessitatibus. Dolor ea fuga sunt quo modi cupiditate sint.',2147483647,'Quia consectetur quo reprehenderit et assumenda. Dolores unde et deleniti. Quod provident quos iste voluptate excepturi tempora.',2,69213,1,147887,'2021-02-05 12:16:14','1984-10-23 07:08:41'),(209,'ut','Qui voluptatem debitis voluptatibus est error labore quaerat.','Consequatur sint et nemo. Dolor voluptates distinctio voluptates sequi. Sunt dicta error cupiditate aliquam qui dignissimos similique. Excepturi hic cum sunt doloremque libero.',1046233327,'',31,42349,1,44159,'2021-02-05 12:16:14','1980-11-09 09:11:26'),(210,'accusantium','Alias quidem molestias iure labore.','Vel reiciendis nostrum cupiditate ut. Debitis eum earum aut in ut qui. Dolorem fugit rerum quasi quasi et.',1832055786,'',9,20984,5,189435,'2010-07-26 11:22:27','1979-04-17 08:44:21'),(211,'enim','Id et alias ipsam officia amet laudantium consequuntur.','Id odit sed pariatur vel ipsam saepe eligendi dolores. Veritatis earum perspiciatis tempora optio possimus odio nulla. Hic accusantium adipisci eum.',2147483647,'Id non odio molestiae quaerat ab ut. Inventore et voluptate vero doloremque itaque. In et qui itaque quod mollitia.',39,53864,8,126535,'2021-02-05 12:16:14','1994-10-18 10:06:16'),(212,'ex','Omnis numquam maxime ut quas possimus maiores esse.','Fugit iure quibusdam quo consectetur odit labore excepturi vero. At alias quaerat inventore veritatis. Est id nobis et quia voluptatem.',425853918,'',10,15388,3,10923,'2016-05-20 02:41:09','2020-06-01 15:12:22'),(213,'autem','Consectetur quia aut ad eos ipsum occaecati.','Et dolor expedita quibusdam itaque repellendus. Dolores non ut et dolorum aliquam. Et laboriosam dolorem cupiditate officiis.',2147483647,'Exercitationem sed non dolore aliquid odio quia. Voluptas magnam quaerat facere sunt sunt aperiam possimus nihil. Sed et ut culpa quis iste.',44,48671,5,176042,'2018-06-12 23:16:14','1978-06-23 21:01:51'),(214,'aspernatur','Et aspernatur maxime vitae molestias.','Optio sit reprehenderit sint itaque non dolores. Omnis aliquam et dolores ut asperiores ipsum. Numquam voluptatum rem qui atque veniam totam. Ea iste nesciunt assumenda dolores molestias quas neque voluptas. Autem non ut eos aut maiores omnis facilis.',2147483647,'A atque sint mollitia aliquam. Culpa ab itaque quibusdam alias. Voluptas asperiores sit ea ullam dolor.',36,37869,8,20575,'2001-07-16 04:11:47','1992-02-14 13:37:52'),(215,'voluptatem','Delectus esse minus non non vel aut eligendi et.','Quasi et et dolores autem voluptas nulla. In natus ut voluptas distinctio ut et eius. Libero adipisci vero ut. Ea expedita cumque dolorem laborum ad vel molestiae.',2147483647,'Et qui in et voluptatum tempore veritatis est. Non neque est velit pariatur quidem. Consequatur ea ut consectetur amet.',20,58993,7,184678,'2003-08-21 16:03:22','1999-04-05 08:58:59'),(216,'itaque','Quisquam voluptatem similique sunt sit aspernatur vel et.','Nostrum iusto voluptates quisquam sequi non voluptatem. Sapiente commodi sed exercitationem quasi et eos reiciendis. Minus doloribus eligendi modi dolores sint nisi numquam. Nisi enim voluptas sed fuga accusamus.',2147483647,'',32,9919,3,20467,'2021-02-05 12:16:14','2012-10-11 05:08:46'),(217,'id','Nemo officiis hic odio cumque vitae consectetur.','Quos minima debitis necessitatibus dolorum exercitationem cum doloribus. Consequatur dolores repellendus voluptatem ex facere. Eaque in modi omnis eligendi. Deserunt sunt aut quo illo ipsa.',2147483647,'Tempore animi iusto harum corrupti. Sed vero illo et consectetur. Et temporibus itaque alias voluptatum officia. Incidunt eaque harum esse eos.',29,16419,6,91126,'2002-07-13 01:47:00','1985-06-23 11:30:03'),(218,'consequuntur','Culpa et quidem et id harum alias.','Porro aliquid porro possimus enim laborum. Laudantium cumque et at fugit. Perferendis optio minima molestias nisi. Est aut dolorum qui optio non.',1907683568,'',11,73925,1,101782,'2021-02-05 12:16:14','1991-10-01 05:38:48'),(219,'voluptas','Voluptas aspernatur consequatur molestiae at cupiditate vitae laboriosam.','Voluptatem odit excepturi eum nam atque quam reprehenderit. Veniam reprehenderit corrupti molestiae esse accusamus voluptatem hic. Officia ut quia facere ratione. Voluptatem alias itaque earum veniam totam delectus in.',2147483647,'',11,12670,7,95665,'2021-02-05 12:16:14','1973-12-10 18:00:17'),(220,'eius','Quas nemo qui nisi consequatur soluta veritatis dolorem.','Ut iure in aliquid et facilis nam et. Incidunt nostrum et exercitationem nobis laborum. Eius dignissimos commodi quia.',2147483647,'',43,97382,1,95010,'1998-01-15 08:06:43','1976-01-05 00:20:40'),(221,'enim','A ut tenetur autem necessitatibus id aliquid.','Sapiente voluptates molestias ut cupiditate quia nihil porro. Delectus dolor expedita beatae quia est non dicta doloremque.',2055059604,'Omnis corrupti pariatur et sunt vitae ducimus. Placeat ad eum qui culpa porro rem. Quasi consequatur nam natus totam.',36,8599,2,34582,'2001-07-16 04:11:47','1986-01-02 11:21:32'),(222,'velit','Dolorem ut laboriosam maiores quibusdam est asperiores animi.','Consequuntur mollitia qui voluptatibus nisi. Explicabo molestiae nulla ut sunt. Illo rem sit est. Est aut quod mollitia ullam excepturi sequi.',2147483647,'',22,13961,8,137035,'2021-02-05 12:16:14','2001-03-24 17:25:10'),(223,'at','Necessitatibus iste provident vel sint est nesciunt.','Incidunt occaecati et dolorem. Ipsam velit laudantium nihil. In eligendi veritatis qui doloremque quia ipsam quam. Id sed officiis temporibus perferendis odio itaque qui.',2147483647,'',40,40421,4,11858,'2021-02-05 12:16:14','2016-08-14 10:41:19'),(224,'deserunt','Commodi tempora quibusdam eum.','Aut cum aut rerum facere porro consectetur ipsam velit. Qui assumenda ipsa quis maiores.',2147483647,'Repudiandae culpa odio possimus qui. Officiis molestiae in iusto porro deserunt commodi unde. Nobis minus iusto quae molestiae inventore.',11,22938,3,163413,'2021-02-05 12:16:14','2003-10-27 14:58:59'),(225,'accusantium','Molestiae error quia ea consequatur eligendi magni.','Quia eos omnis et non veritatis. Sed sequi aut voluptatem blanditiis aut rerum. Odio saepe ea fugit et delectus. Rerum accusantium distinctio consectetur voluptatem accusamus distinctio. Quasi voluptatem dolores reprehenderit itaque velit et.',2147483647,'Eum illum repudiandae et excepturi quis sapiente voluptatem. Impedit dignissimos nobis incidunt eveniet placeat qui eveniet odit. Blanditiis velit debitis sit aperiam fuga.',16,21858,2,8543,'2008-09-15 11:48:03','2014-07-05 07:25:07'),(226,'soluta','Et dolorem ea soluta.','Est exercitationem delectus sint at assumenda. In molestiae ipsa consequatur ullam omnis ut. Facilis repellat quidem ad voluptas ratione sed ut.',2147483647,'',50,26894,5,164180,'2017-10-10 05:34:25','2010-05-13 01:33:53'),(227,'fugit','Omnis laborum dolorem nihil sit voluptas inventore et fugit.','Dolor incidunt accusamus quia itaque illum est. Voluptates qui dolorem ut natus non. Harum quae sint quos.',2147483647,'',15,19286,7,62442,'2021-02-05 12:15:39','1976-10-08 06:47:44'),(228,'ea','Dignissimos facere hic eligendi ipsa qui alias.','Corporis non in minima ipsa odio omnis similique. Eius veritatis aspernatur et itaque facere harum eveniet. Aperiam aut at voluptatibus sit. Dolores provident qui fuga suscipit. Mollitia exercitationem ut occaecati odio autem dolor.',2147483647,'',35,12034,6,36553,'2012-02-09 01:28:32','2006-03-13 17:40:30'),(229,'iure','Sapiente ut voluptatibus vitae quia nemo molestias.','Iusto similique sint impedit quibusdam atque autem. Enim quia ratione consequatur fugiat. Quo veritatis quisquam maxime nam. Iusto velit iusto nesciunt saepe repellat.',2147483647,'',7,41591,7,96558,'1997-11-21 17:25:27','1996-07-24 17:13:59'),(230,'id','Natus iusto accusantium et quo fugiat molestiae quo.','Molestiae repellat esse qui repellat recusandae quae earum voluptate. Rerum est sed temporibus eos molestias eius repellat dolores. Nulla vero perferendis ut reiciendis incidunt. Vel odit quasi eius odio ratione iure et natus.',2147483647,'Distinctio rerum amet earum velit nostrum voluptas est. Reiciendis in tempora totam saepe rerum dolores.',47,12401,5,38195,'2021-02-05 12:16:14','1990-07-09 23:20:34'),(231,'animi','Fugit magni eum aspernatur laboriosam cumque porro eum.','Rerum nihil facere ea velit aliquid. Eveniet dignissimos id voluptatum earum atque iste aspernatur. Deleniti aut illum adipisci quia.',1179059913,'Expedita libero illum voluptatibus qui quae eum maiores. Aut consequatur magni ut. Et beatae repellendus repellendus perspiciatis praesentium doloremque velit.',30,76427,4,108731,'2005-11-05 15:31:30','1979-02-25 09:58:20'),(232,'ducimus','Esse recusandae numquam consequatur perferendis voluptas libero nam.','Dicta vero quisquam sed enim. Illo qui molestiae fugiat est enim. Ducimus et natus non rerum nobis aut necessitatibus. Sapiente aspernatur quo beatae officiis est.',1796046934,'Minus ipsum molestiae est. Voluptate sed voluptatem vero quia. Odio aut et exercitationem voluptatum. Molestiae culpa impedit atque numquam.',2,62443,6,168291,'2021-02-05 12:16:14','1973-08-22 09:34:29'),(233,'fugiat','Quam non quam quae et harum amet aut.','Modi quasi modi et ut ad amet. Earum consequatur et cupiditate voluptas doloribus provident nihil. Ipsa deleniti quasi accusantium fuga dolores placeat. Dolorem facilis voluptatem harum repudiandae.',2147483647,'Neque magnam id nobis pariatur. Et quis eius quia unde mollitia rerum. Accusantium magni quia repudiandae nemo numquam molestias quae. Est ut reiciendis repudiandae dolorum.',13,6502,7,155058,'2021-01-10 07:29:53','2010-03-26 04:01:39'),(234,'molestiae','Quia quis dolorum ipsam voluptatem dolore.','Occaecati expedita deleniti error consectetur odio. Soluta provident ipsa vel. Facilis voluptas eaque molestiae distinctio quis.',2147483647,'Error deserunt corporis deserunt. Omnis repudiandae sunt odit recusandae dolores ea. Corporis ex quisquam unde qui tenetur veritatis doloribus aliquid. Rerum sequi cumque et ut occaecati tenetur aut.',3,51215,6,77134,'1997-01-14 19:14:11','2012-05-14 20:33:38'),(235,'earum','Ut quia ipsum assumenda ut dolor est.','Omnis fugit deserunt et ea labore. Illum a delectus deleniti facilis beatae et mollitia. Pariatur eos fugiat occaecati. Blanditiis sed ad consequatur aut.',638914522,'Dolorum ipsam magnam reiciendis corrupti velit. Asperiores eum laboriosam explicabo assumenda ea consequatur. Earum molestiae quia ipsam est vel assumenda.',45,27200,7,140201,'2021-02-05 12:16:14','1984-12-15 15:01:26'),(236,'eaque','Perspiciatis nisi alias iure voluptate.','Atque sit quaerat est doloribus. Tenetur itaque ut amet. Officiis qui iusto cupiditate sed eos dignissimos eum.',2147483647,'',40,74007,6,32496,'2021-02-05 12:16:14','1998-05-13 05:05:33'),(237,'mollitia','Quaerat ut libero porro voluptatibus ut.','Aut voluptatem dolore numquam cumque consequatur dolor odio. Saepe ut repudiandae rerum repudiandae. Autem sed sed et autem non fuga aliquam. Ipsum sequi reprehenderit hic vel quasi voluptatem.',40600508,'Suscipit eligendi id eos voluptate ea quam quasi debitis. Tempora aut molestias velit. Itaque eum vel quasi possimus. Consequatur aliquid autem ut.',33,96955,4,57948,'2021-02-05 12:16:14','1970-08-17 13:38:21'),(238,'repellendus','Explicabo aliquid minima est et.','In voluptatum exercitationem reiciendis fuga dolores consequatur quam rerum. Beatae distinctio consequatur magnam omnis. Maxime modi sapiente dolor at. Consectetur ipsum voluptatem nulla rerum et.',2147483647,'Non minima ratione id ut ratione omnis placeat quo. Voluptatibus id molestiae iure est id numquam qui autem. Et ut quam itaque eum repudiandae.',45,12935,4,92818,'2021-02-05 12:16:14','1979-03-08 20:08:29'),(239,'optio','Vel ipsam aliquam consequatur cumque eum autem.','Saepe ut sapiente perspiciatis id. Ut molestiae eos nostrum voluptates mollitia placeat. Et rerum veniam excepturi omnis vitae occaecati.',205295953,'Natus consequatur error tenetur facilis ex dolorem aut. Reiciendis aspernatur a eos eius. Laboriosam ipsam qui nulla ex.',3,69606,8,16712,'1992-05-21 07:35:41','2009-03-14 22:08:39'),(240,'maiores','Quos accusamus officiis est.','Perspiciatis blanditiis incidunt iste enim perferendis eos. In expedita accusamus quae repellendus vitae. Eligendi temporibus sunt nobis tenetur. Voluptas ut dignissimos dolorum saepe consequatur adipisci minima.',2147483647,'',27,88952,3,28005,'2021-02-05 12:16:14','2007-12-09 09:58:01'),(241,'reprehenderit','Eos mollitia laborum qui ex.','Laboriosam rem mollitia ut sunt. Ipsam quis ipsa eum itaque excepturi nesciunt. Quia sint voluptatum voluptatem.',1079425968,'',9,94150,1,150813,'2010-07-26 11:22:27','1983-08-15 07:18:46'),(242,'iste','Ut et blanditiis excepturi ad atque.','Eum ex quibusdam dolores dolor aliquid blanditiis occaecati et. Dolorum necessitatibus ipsum suscipit minima sapiente cumque autem. Voluptas et velit debitis dolores non.',2147483647,'Aut voluptate est repellat reiciendis autem recusandae. Est voluptatum sit consectetur est molestias voluptatum. Officiis perferendis rerum sit delectus. Natus odit consequatur omnis quis.',42,38360,1,89749,'2018-05-30 12:02:24','1992-03-01 01:58:27'),(243,'voluptas','Vero dolore eius dolores iste assumenda iure omnis.','Ut fuga nam consequatur et et ipsum ut. Et ut minus voluptatem eum deleniti qui.',2147483647,'Quis laboriosam exercitationem reprehenderit tenetur error quia. Autem et labore omnis. Saepe nesciunt enim facere quod rem commodi vitae saepe.',39,8108,3,3178,'2021-02-05 12:16:14','1984-05-07 04:09:26'),(244,'similique','Quibusdam sit ut enim.','Tempora dicta suscipit fugit autem accusamus. Tempore et sequi minus dolores totam. Iusto assumenda consectetur aut quod blanditiis autem quia.',2147483647,'',37,88771,3,58363,'2010-07-15 01:51:36','1970-03-27 19:02:15'),(245,'sit','Dolor iste id praesentium ipsa.','Ipsa amet ex non quisquam ut. Voluptatem sequi perferendis aliquam voluptas modi commodi voluptas aperiam.',92672923,'Itaque provident eos autem officiis consequatur. Laudantium voluptas sunt est amet in sed est. Aliquam exercitationem magnam similique molestiae quam neque explicabo. In ducimus est ea iusto.',44,94461,8,146445,'2012-03-18 07:11:50','1994-01-03 12:27:35'),(246,'hic','Et doloribus iure laudantium inventore et impedit excepturi.','Aut optio earum hic nisi non dolorem. Est enim doloremque reiciendis repellendus. Sunt quia nulla facere sint provident. Aperiam saepe aut exercitationem quo minima qui dignissimos nobis.',2147483647,'Libero laborum enim praesentium rerum. Numquam et quia nihil doloribus doloremque dolor suscipit. Dolorum a aspernatur illo.',35,66330,3,61894,'2016-01-17 14:32:27','1982-07-06 09:19:22'),(247,'veniam','Sed pariatur et praesentium quam.','Aliquam qui dolor ratione tempore iusto ipsa dolores. Veniam consequatur facilis est ipsum dolor totam. Illum est quis sit ab tenetur atque mollitia.',948812567,'Eos quasi itaque distinctio qui quasi temporibus et. Tempora hic illum delectus corporis. Eius facilis aperiam eligendi sed perferendis. Et eum error iure sit porro.',17,50365,1,92384,'2021-02-05 12:16:14','2006-02-28 05:12:04'),(248,'ipsam','Qui enim in odio placeat.','Voluptates asperiores iste praesentium qui sint. Consequatur deserunt placeat nobis ut at. Voluptatem rerum vel est inventore et corrupti. Cum molestiae iusto quidem unde eveniet.',2147483647,'Delectus nesciunt nemo necessitatibus fugit et voluptatibus. Labore vel a consequatur consequatur mollitia vel. Iste quo dignissimos a explicabo qui qui. Iste modi id maxime voluptatem.',7,40762,8,117552,'1987-12-09 00:38:54','1982-04-14 13:13:47'),(249,'minima','Occaecati harum deserunt saepe nihil et reiciendis laboriosam quam.','Recusandae facilis aut non consequatur vero illo. Quas sit molestiae soluta nihil eos hic exercitationem. At dolorum voluptatem possimus. Est quod ut unde labore cumque consequuntur.',2147483647,'Excepturi fuga fugiat dolorum dignissimos voluptas. Quisquam aut sapiente hic quasi illo dolorum tenetur. Alias voluptatem nisi dolore quod dolorem.',27,95067,5,30752,'2021-02-05 12:16:14','2019-01-25 05:39:07'),(250,'ab','Ratione repudiandae sapiente enim dolores.','Saepe et qui qui vel et temporibus. Voluptatem error animi ducimus cum. Iusto qui in animi dolorum cupiditate aut iusto. Iste itaque eaque voluptatem.',2147483647,'',38,2386,8,79327,'2021-02-05 12:16:14','1998-11-27 11:07:21'),(251,'natus','Explicabo architecto aut rerum voluptatem.','Omnis dicta et aliquid dolores voluptatibus voluptatem. Omnis eos nihil quia minima omnis nihil.',2147483647,'',25,777,8,153468,'2013-01-02 15:00:22','2000-09-25 18:15:21'),(252,'est','Error pariatur veritatis voluptatem unde vel rerum.','Sunt omnis dolorem unde voluptas praesentium laboriosam. Illum autem sit natus omnis vero. Ipsam exercitationem ut reiciendis qui illum et ad. Aut aliquam quibusdam et officiis et provident et. Et autem consequatur saepe dolor quibusdam aliquid voluptas.',2147483647,'Voluptatibus sed et cumque et aperiam. Et ad quo et dolorem. Voluptatem modi dolor dolorem voluptatibus nemo. Dolores voluptas aut temporibus nam consequuntur molestiae.',3,28264,1,93549,'1992-05-21 07:35:41','1979-01-12 21:51:18'),(253,'est','Laudantium iste et cumque et veniam quia.','Porro amet consectetur quo rerum illum. Voluptates laudantium iusto voluptatem amet commodi nemo. Non odit minus eum harum in est numquam. Est fugit vitae delectus sit repellendus molestiae.',598078211,'',42,92493,3,84837,'2018-05-30 12:02:24','1991-08-15 17:41:27'),(254,'est','Eum tempore tempora ullam nostrum.','Corporis deserunt minima maxime voluptatum rerum fugiat. Enim incidunt et odio consequatur ullam. Quia eum alias enim aut ex non.',2147483647,'',32,81565,8,199220,'2021-02-05 12:16:14','1988-02-15 03:10:43'),(255,'tempore','In impedit qui provident adipisci.','Accusamus animi et corrupti et. Quia dolorem consequatur sit et. Necessitatibus ut accusantium cum dignissimos illo non.',786143699,'Perferendis expedita earum voluptatem. Fugit ullam possimus maxime sed perspiciatis quia quis. Vel eos quo et qui. Nihil aut aut ea quod autem inventore dolore.',50,53358,4,181584,'2017-10-10 05:34:25','2018-02-18 16:56:29'),(256,'quis','Omnis nulla necessitatibus eos et quos.','Dolorem distinctio temporibus voluptatem velit incidunt consequatur. Dolorem sunt delectus deleniti voluptatem ullam voluptatibus ullam doloremque.',2147483647,'Aspernatur doloribus nam illum et mollitia ea. Quia hic vero magnam qui a. Dolor veniam alias voluptatem repellat. Excepturi aut et eligendi.',30,99158,6,137713,'2020-07-11 21:35:39','1970-01-20 16:52:21'),(257,'et','Aut distinctio nemo fuga ea.','Iure reiciendis inventore distinctio veniam praesentium. Qui doloribus atque aliquam suscipit voluptates in. Ut non ducimus incidunt inventore ullam omnis recusandae. Ea quam optio dolor sit molestias possimus commodi.',2147483647,'',16,14421,1,85312,'2008-09-15 11:48:03','1995-02-02 02:04:34'),(258,'et','Ea qui dolor quo explicabo facilis.','Minima voluptas quasi vel distinctio suscipit et qui. Fugiat cum odit dolorem ex.',2147483647,'Voluptatibus molestiae suscipit vitae qui. Aut molestiae sit esse aperiam. Ex itaque error perferendis hic voluptas assumenda incidunt.',47,99288,7,14463,'2021-02-05 12:16:14','1977-05-19 22:26:43'),(259,'quo','Atque eos non numquam eum omnis facere.','Dolor laudantium debitis vero. Molestiae saepe ut aspernatur iusto eveniet. Ab doloremque ut eligendi ipsa quos illo. Accusamus occaecati magni veritatis.',2147483647,'Odit recusandae molestias nihil distinctio. Unde qui libero sequi qui ipsa consequatur. Rem aperiam rerum dolores accusamus.',42,87803,8,45697,'2018-05-30 12:02:24','2019-06-29 04:28:35'),(260,'eaque','Vel dolores sit voluptas maxime ipsam.','Excepturi sint aut asperiores pariatur quis aliquam in. Odit rerum itaque exercitationem adipisci tenetur sequi non illo. Voluptates est et quas. Temporibus quia voluptatem et non nemo.',2147483647,'',44,69179,2,143142,'2012-03-18 07:11:50','1976-10-07 06:29:36'),(261,'hic','Quia eligendi sunt eos iure omnis voluptatem quia.','Sunt nulla fugiat rerum unde sed sint in. Sed dolores incidunt saepe veniam. Non totam molestias totam id.',2147483647,'',25,18377,6,63455,'2010-02-12 14:54:33','2006-05-06 18:49:10'),(262,'rem','Nostrum libero soluta et.','Delectus commodi aperiam sint necessitatibus consequuntur. Aliquid sint unde laboriosam consequatur. Ab voluptatem et error eaque harum. Libero animi dolorem in perferendis et nemo corporis ut. Sunt dolores animi qui quo voluptatem dolores officia quisquam.',1077733215,'',7,57299,1,167983,'2000-04-02 03:24:10','2020-02-09 05:39:42'),(263,'quae','Laboriosam est consequuntur omnis est quo voluptatem nemo.','Quasi vero vel porro fugit occaecati. Tempora sed itaque a et temporibus voluptatum. Voluptatem consequatur aspernatur qui odit accusantium rem et consequatur. Rerum nihil deleniti rem dolor ut amet.',1901553645,'',8,94632,3,1855,'2007-07-26 01:37:35','1976-05-03 11:07:53'),(264,'repudiandae','Exercitationem est et occaecati hic nobis ab fugiat recusandae.','Dolorum illo illo neque omnis ex repellendus natus. Fuga omnis laborum enim corporis necessitatibus. Inventore eaque at nam iste.',2147483647,'Nesciunt eaque aperiam sapiente qui voluptatum et minima. Neque eum non dolorem tempore non quod impedit. Quas provident nam aspernatur vitae repudiandae distinctio quia.',40,16033,2,32319,'2021-02-05 12:16:14','2021-01-15 15:42:45'),(265,'enim','Quia nobis incidunt beatae qui aut laborum sint.','Voluptate praesentium qui velit accusamus suscipit nihil. Porro et rem aut odio quo sequi eius. Dolorum rerum et voluptatum. Vitae ratione eum sed repudiandae reprehenderit.',2147483647,'',48,80438,2,156827,'2021-02-05 12:16:14','1998-08-18 10:18:20'),(266,'corrupti','Sed incidunt non ut esse qui.','Dolor debitis quo ea eum enim culpa est. Minus officia sequi quo et velit perspiciatis. Excepturi quis ipsam nam accusamus.',2147483647,'Quia et velit consequatur soluta mollitia quaerat vero cupiditate. Qui sunt sed atque qui ut. Et quaerat iste nam.\nVoluptas modi autem sunt. Beatae ut qui libero sit dignissimos consequuntur.',11,1571,3,21861,'2021-02-05 12:16:14','1993-07-17 09:13:25'),(267,'eum','Sed a reiciendis dolorem tempora perspiciatis incidunt rem.','Enim accusamus laudantium doloribus at et et. Explicabo incidunt et aspernatur et. Non beatae est exercitationem quia quasi et a recusandae. Similique voluptas et reiciendis asperiores ex reiciendis.',2147483647,'',28,1004,1,54373,'2021-02-05 12:16:14','1973-05-03 00:50:44'),(268,'praesentium','Aut aut sit sunt omnis dolorem quisquam.','Quae aut beatae corporis distinctio. Facere omnis eveniet labore porro aliquid consequatur. Et consequatur veniam numquam nobis expedita qui.',1847696248,'Voluptatibus reprehenderit voluptates eos id laborum velit quidem voluptas. Aspernatur sed consectetur nihil possimus enim hic. Minus autem consequatur non dolorum quia fugiat nostrum.',34,11758,3,120150,'2021-02-05 12:16:14','2000-08-02 17:31:15'),(269,'quod','Quia sed sed ea ullam similique dolorem.','Tempora deleniti cupiditate quibusdam reiciendis consequatur. Officia est facere et asperiores recusandae explicabo. Omnis distinctio dolorem voluptatibus. Nisi facere qui assumenda consequuntur omnis et ad.',2147483647,'Dolores tempore earum facere aut error sint. Et labore sint saepe a. Vitae consequuntur et dolore.',19,78251,8,17026,'2021-02-05 12:16:14','1972-02-19 02:47:56'),(270,'totam','Debitis sint est delectus in porro aperiam nisi.','Eaque dolor consectetur laboriosam eligendi et. Quia commodi dignissimos non animi aspernatur doloribus vitae id. Ut earum maxime voluptas sint qui doloribus perferendis magni. Optio cum voluptatem enim quos officiis voluptatem consequatur. Quos enim libero ut harum est aut velit aut.',1160977803,'',47,99695,4,95632,'2021-02-05 12:16:14','1970-06-18 00:15:56'),(271,'voluptatibus','Esse iste dolor repellat voluptas quis.','Quis corporis officiis quis beatae eveniet ut enim. Ut eligendi quaerat eos quibusdam. Incidunt sint porro repellat quia sit.',1673933951,'Dolores fuga qui eligendi tempore eum eaque non in. Debitis cum rerum odit natus velit explicabo et. Perferendis quaerat sint voluptas quae odio a non beatae.',13,13698,6,129383,'2021-01-10 07:29:53','2011-01-20 05:46:00'),(272,'nobis','Ad quibusdam vel impedit accusantium aliquam labore et molestias.','Et porro est culpa autem accusamus fuga totam. Ullam voluptatum occaecati harum iusto.',639855363,'',12,95976,1,64784,'2016-09-15 17:15:50','1987-07-15 12:37:52'),(273,'ea','Non voluptates quia sed voluptatibus sit.','Doloremque asperiores expedita laborum omnis nisi officiis. Eligendi et velit tenetur ipsum rerum. Earum quis nesciunt ut dolorem quaerat. Voluptatem quod velit officiis corporis consequatur deleniti.',1014240137,'Sit quia harum consequatur temporibus facere dolor autem. Deserunt autem occaecati non. Rem repudiandae voluptas voluptatem numquam animi.',38,39565,5,136151,'2021-02-05 12:16:14','1990-03-20 15:04:17'),(274,'rerum','Dicta quasi doloremque recusandae neque.','Vero fugit similique incidunt laboriosam iusto quia fugit pariatur. Eum officiis error quis nemo exercitationem. Qui atque tempora sed excepturi incidunt nam. Hic sit porro impedit omnis ipsam modi similique. Qui ut nihil delectus doloremque dolor modi.',2147483647,'',11,40798,8,182444,'2021-02-05 12:16:14','2014-06-05 21:26:02'),(275,'voluptatem','Omnis necessitatibus ut eum et vero.','Quis nihil ad voluptatem perferendis sint voluptatem sed. Doloribus cumque eaque quo assumenda ut. Sunt recusandae maxime nam aliquam magnam voluptatem.',882544754,'Consequuntur omnis eveniet est ut quos perspiciatis. Enim non est porro quisquam. Ab sint quis voluptates fuga et ut.',40,85557,6,22024,'2021-02-05 12:16:14','2017-07-15 07:44:35'),(276,'et','Ullam earum accusantium consequatur harum qui.','In est facilis blanditiis culpa reiciendis. Ut pariatur aut iste ea ut. Similique qui totam minima voluptatem. Similique voluptas blanditiis laudantium deleniti officia sint.',2147483647,'',14,45919,5,67129,'2019-02-22 03:39:32','2001-12-28 23:02:57'),(277,'harum','Adipisci temporibus quis qui ut.','Quia facere ipsum pariatur ad. Earum quia sed quam molestias sed.',2147483647,'Fuga eum explicabo quas eveniet eaque. Repellendus molestiae eius iste molestiae.\nMollitia quaerat sunt neque aut nesciunt autem. Ut eum aut veritatis non dolores et.',24,99419,6,15174,'2021-02-05 12:16:14','1973-09-21 11:42:34'),(278,'doloremque','Nam est quaerat voluptatem in qui.','Dicta delectus quibusdam voluptatem sit repellendus laborum tempora. Aut aliquid perspiciatis libero consequatur.',2147483647,'Voluptatum earum ut debitis non rerum. Aliquid officia qui quo ipsa. Ipsa enim omnis et quaerat nobis corrupti. Voluptatem facere et officia et earum.',29,76395,8,135851,'2011-08-18 05:14:17','2013-10-14 22:10:42'),(279,'labore','Rerum ut quas dolorem sunt repudiandae.','Corporis et atque eum dignissimos quisquam magni molestias sequi. Consequatur quidem debitis facere. Saepe adipisci nobis omnis veritatis possimus et.',2147483647,'',22,66601,8,59277,'2021-02-05 12:16:14','1989-07-05 02:01:12'),(280,'porro','Vel recusandae autem modi exercitationem et.','Qui voluptatum possimus eos repudiandae. Et incidunt quos et nesciunt necessitatibus. Soluta velit culpa ipsum assumenda eveniet reiciendis impedit. Omnis qui laudantium laudantium temporibus nihil est.',2147483647,'Repellendus debitis vel quibusdam voluptas. Ut voluptates neque sit praesentium animi vel laudantium.',7,95080,2,140445,'1995-08-08 21:44:52','1992-03-06 01:36:51'),(281,'dignissimos','Quo et assumenda officiis incidunt.','Quos atque et placeat minima molestiae. Alias id et esse nam velit autem. Inventore exercitationem distinctio ea nemo autem. Quidem consectetur voluptas aut praesentium.',2126600552,'Tempora asperiores laborum blanditiis dolore voluptatem impedit. Aperiam exercitationem ex dignissimos non a tempore sed. Animi consectetur enim est voluptatum sit suscipit rerum et.',31,16352,1,16234,'2021-02-05 12:16:14','1970-03-17 11:09:43'),(282,'nam','Molestiae et dolorum impedit repellendus sit sint expedita.','Qui commodi ratione sed dolorem ea sunt nam. Qui placeat inventore vero quae vitae odit omnis. Dicta expedita placeat voluptatem maiores dolorum fuga quis. Accusamus molestiae est sunt quisquam est minus qui sint.',2147483647,'Omnis dolorem voluptas necessitatibus dolorum cum possimus. Placeat et eligendi harum explicabo eos. Aut autem reiciendis eius perferendis. Amet id libero et nemo.',22,34219,6,14693,'2021-02-05 12:16:14','1973-05-24 05:19:52'),(283,'accusantium','Sint accusantium velit illo fugit aut non.','Quisquam dignissimos animi illo doloremque voluptatibus aut. Quo culpa omnis et ex aperiam animi quam. In porro minus corrupti hic sunt doloribus. Error fuga necessitatibus eos quidem nesciunt dolor sit quis.',2147483647,'Et praesentium minus impedit. Laudantium consequatur consequuntur in cum nobis consequuntur cumque. Doloremque dolorem beatae temporibus.',8,89395,6,129978,'2007-07-26 01:37:35','1995-11-08 09:30:00'),(284,'et','Et ea pariatur enim.','Similique omnis minima eligendi et debitis. Laudantium aut numquam fugit occaecati eveniet accusantium. Quidem aut incidunt cum in. Consequuntur voluptas quidem modi omnis.',1458953625,'Officiis est corrupti omnis eum culpa. Quia voluptas tempore quia nihil ea. Delectus quos qui dolorem quisquam.',19,69755,6,72232,'2021-02-05 12:16:14','1994-01-28 13:27:48'),(285,'sunt','Error eos error quas dolores expedita praesentium ab veritatis.','Quibusdam blanditiis voluptatem doloremque in et. Quis deserunt qui veritatis similique rerum. Quae quae id sint earum necessitatibus.',1954700317,'Neque voluptatem temporibus rerum. Qui ut rem tempora aliquam sed voluptas natus rerum.',31,26957,2,159647,'2021-02-05 12:16:14','2015-09-24 11:23:05'),(286,'quo','Incidunt omnis labore totam eum.','Dolorum repellendus possimus corporis qui excepturi nihil ad quaerat. Laboriosam dolor quae reprehenderit odit quo. Et cumque aut quae sit. Sit excepturi hic vero dolorem.',2147483647,'',48,58478,5,113634,'2021-02-05 12:16:14','1988-11-22 07:24:11'),(287,'tempora','Recusandae aspernatur dolor tempore hic.','Et et enim commodi omnis exercitationem. Ut et repudiandae numquam sapiente. Laudantium eaque et tenetur nam quo repudiandae impedit. Placeat aspernatur inventore dignissimos. Mollitia iure voluptate dolores consequatur earum.',2147483647,'',18,41153,1,27278,'2021-02-05 12:16:14','2003-08-01 13:14:46'),(288,'in','Iste nobis tempora repellendus blanditiis consequuntur magnam est vel.','Rerum et asperiores nam ut velit porro molestiae. Consectetur maiores alias asperiores qui sit odio perspiciatis est. Dolorem eum cum beatae.',2147483647,'',41,19745,5,29490,'2016-01-09 00:31:14','1998-05-21 07:03:10'),(289,'facere','Minima alias ipsa est eos.','Pariatur eum ea repellendus dicta. Qui voluptatum ut est rerum blanditiis. Sed fugit placeat tempore numquam.',2147483647,'Aut repellat voluptatem velit est. Similique quidem quo ullam repellat qui labore quis.',28,58904,4,142423,'2021-02-05 12:16:14','1995-12-25 08:34:11'),(290,'consequuntur','Culpa adipisci aut ab voluptatem provident dolorem architecto consequatur.','Architecto officiis et quia sapiente. Quia similique autem illo inventore dolorem blanditiis. Animi quia dolores sapiente qui sint a sed veritatis.',2147483647,'',5,7544,3,95886,'2021-02-05 12:16:14','1990-12-22 06:33:26'),(291,'repellendus','Ex modi in quia impedit ducimus et.','Voluptatem quos tempora harum. Quaerat ratione quia repellat quibusdam quas animi quis. Qui nobis consequatur autem unde.',2147483647,'Ducimus sint cum corporis dolor. Laboriosam sint nobis animi odio. Voluptas accusantium non omnis cumque consectetur officia hic dolores.',47,29082,6,31720,'2021-02-05 12:16:14','1986-09-29 08:10:42'),(292,'molestias','Quia libero eum eos non.','At optio pariatur omnis aperiam. Consequatur corrupti ipsam autem qui maxime similique. Dicta vitae sed distinctio ad. Perferendis expedita quas saepe voluptate.',2147483647,'',13,40829,7,102328,'2021-01-10 07:29:53','2004-12-17 09:59:46'),(293,'quos','Perferendis labore incidunt aspernatur et et quia minima dignissimos.','Eum dolorem velit asperiores accusamus eum quidem. Minima aut doloremque nostrum accusamus eveniet quas sint. Quisquam quos voluptas non voluptatem nobis. Exercitationem maiores officiis adipisci ut quae hic.',2147483647,'Commodi quod impedit fuga. Cumque eveniet doloremque qui sed deleniti voluptatem aut. In earum consequatur sit et.',43,32989,7,34378,'2003-06-19 15:51:54','2014-11-08 07:41:57'),(294,'porro','Ea quis cum saepe qui voluptatem et.','Ab nulla dolor ipsum itaque atque minima deleniti. Debitis laudantium aspernatur sint beatae quod. Error ea eligendi non earum quia.',1439789882,'',35,17527,6,44415,'2012-02-09 01:28:32','2019-08-04 16:23:23'),(295,'in','Eum laudantium quia et labore voluptas fugiat ut.','Et architecto qui suscipit tenetur vero voluptas. Consequatur vel velit a itaque perferendis sequi. Aut nam cupiditate vel modi fugit.',2147483647,'Et voluptatem est vero sed ipsam consequatur possimus. Ea ut tempora veniam rerum dolores dolorem. Architecto impedit amet voluptatem qui modi eos.',34,66587,6,23998,'2021-02-05 12:16:14','1972-10-30 23:40:02'),(296,'aut','Molestiae quia quo ut iusto.','Reiciendis adipisci voluptas et veritatis esse recusandae corrupti. Eligendi voluptate illo aut velit. In repellat magni et aut inventore occaecati optio vero. Maxime labore ex delectus natus.',2147483647,'',34,35022,3,163518,'2021-02-05 12:16:14','1997-03-02 12:53:05'),(297,'alias','Dolorum dolores nobis laborum iure.','Ab ipsum doloremque quas natus voluptates deserunt dolorem. Culpa aut voluptatum ex reiciendis. Pariatur earum magnam voluptates optio perspiciatis. Debitis corporis qui dolorem. Expedita natus qui porro eos voluptas culpa.',2147483647,'Aperiam cumque repudiandae pariatur odio corrupti. Quo aspernatur alias ipsam. Cumque tenetur consequatur optio dolorem eum harum quidem porro. Explicabo et impedit similique qui sunt qui explicabo.',50,14151,4,134725,'2017-10-10 05:34:25','1971-01-14 19:46:29'),(298,'id','Nam sit provident molestiae qui fugiat magnam eligendi.','Enim ratione incidunt voluptatibus magnam. Tenetur molestiae eligendi explicabo aliquam unde corrupti dolorem. Tenetur vel nesciunt quis rerum. Id quo voluptatibus consequuntur voluptates optio.',2147483647,'Soluta ullam ut nisi rerum cum. Officia eveniet et quis in. Distinctio eos error qui ullam pariatur eius optio.',5,32187,5,62011,'2021-02-05 12:16:14','1972-08-08 19:01:05'),(299,'qui','Fugiat aut consequatur aut facere odit.','Laboriosam est sapiente libero. Voluptas nesciunt minus consequatur animi. Similique molestiae qui et ex. Consequatur neque sunt aut dolor.',2147483647,'',34,15720,2,40371,'2021-02-05 12:16:14','2015-03-11 03:19:31'),(300,'officia','Et quos quia dolore soluta maiores.','Sed voluptas totam hic distinctio. Doloribus veniam et qui qui corporis ab. Nam qui voluptatem magnam nobis at adipisci odio provident. Illo omnis suscipit adipisci minus.',182973010,'Impedit alias accusantium consequuntur amet. Et tempora quia asperiores eum. Magnam corrupti et aut nisi dolorem. Enim error et nihil perspiciatis officiis.',50,50231,7,53259,'2017-10-10 05:34:25','1985-12-05 22:20:03');
/*!40000 ALTER TABLE `videos` ENABLE KEYS */;
UNLOCK TABLES;

--
-- Temporary table structure for view `view_1`
--

DROP TABLE IF EXISTS `view_1`;
/*!50001 DROP VIEW IF EXISTS `view_1`*/;
SET @saved_cs_client     = @@character_set_client;
SET character_set_client = utf8;
/*!50001 CREATE TABLE `view_1` (
  `Video_name` tinyint NOT NULL,
  `quality` tinyint NOT NULL,
  `Number_of_views` tinyint NOT NULL
) ENGINE=MyISAM */;
SET character_set_client = @saved_cs_client;

--
-- Temporary table structure for view `view_2`
--

DROP TABLE IF EXISTS `view_2`;
/*!50001 DROP VIEW IF EXISTS `view_2`*/;
SET @saved_cs_client     = @@character_set_client;
SET character_set_client = utf8;
/*!50001 CREATE TABLE `view_2` (
  `Number_of_channels` tinyint NOT NULL,
  `Status_of_monetization` tinyint NOT NULL
) ENGINE=MyISAM */;
SET character_set_client = @saved_cs_client;

--
-- Dumping routines for database 'YOUTUBE_channel'
--
/*!50003 DROP PROCEDURE IF EXISTS `proc` */;
/*!50003 SET @saved_cs_client      = @@character_set_client */ ;
/*!50003 SET @saved_cs_results     = @@character_set_results */ ;
/*!50003 SET @saved_col_connection = @@collation_connection */ ;
/*!50003 SET character_set_client  = utf8mb4 */ ;
/*!50003 SET character_set_results = utf8mb4 */ ;
/*!50003 SET collation_connection  = utf8mb4_0900_ai_ci */ ;
/*!50003 SET @saved_sql_mode       = @@sql_mode */ ;
/*!50003 SET sql_mode              = 'ONLY_FULL_GROUP_BY,STRICT_TRANS_TABLES,NO_ZERO_IN_DATE,NO_ZERO_DATE,ERROR_FOR_DIVISION_BY_ZERO,NO_ENGINE_SUBSTITUTION' */ ;
DELIMITER ;;
CREATE DEFINER=`root`@`localhost` PROCEDURE `proc`()
BEGIN 
    SELECT * FROM view_2; 
END ;;
DELIMITER ;
/*!50003 SET sql_mode              = @saved_sql_mode */ ;
/*!50003 SET character_set_client  = @saved_cs_client */ ;
/*!50003 SET character_set_results = @saved_cs_results */ ;
/*!50003 SET collation_connection  = @saved_col_connection */ ;
/*!50003 DROP PROCEDURE IF EXISTS `proc_1` */;
/*!50003 SET @saved_cs_client      = @@character_set_client */ ;
/*!50003 SET @saved_cs_results     = @@character_set_results */ ;
/*!50003 SET @saved_col_connection = @@collation_connection */ ;
/*!50003 SET character_set_client  = utf8mb4 */ ;
/*!50003 SET character_set_results = utf8mb4 */ ;
/*!50003 SET collation_connection  = utf8mb4_0900_ai_ci */ ;
/*!50003 SET @saved_sql_mode       = @@sql_mode */ ;
/*!50003 SET sql_mode              = 'ONLY_FULL_GROUP_BY,STRICT_TRANS_TABLES,NO_ZERO_IN_DATE,NO_ZERO_DATE,ERROR_FOR_DIVISION_BY_ZERO,NO_ENGINE_SUBSTITUTION' */ ;
DELIMITER ;;
CREATE DEFINER=`root`@`localhost` PROCEDURE `proc_1`(IN param1 VARCHAR(20))
BEGIN 
   
   IF param1 = 'length' THEN 
   	SELECT ui.nickname, SUM(v.video_length) AS Total_length
			FROM user_info ui
			INNER JOIN channel_profiles cp ON ui.id = cp.user_id 
			INNER JOIN videos v ON cp.id = v.channel_id
			GROUP BY nickname
			ORDER BY Total_length DESC LIMIT 10 ;
    ELSE 
    		SELECT ui.nickname, SUM(v.file_size) AS Total_size
			FROM user_info ui
			INNER JOIN channel_profiles cp ON ui.id = cp.user_id 
			INNER JOIN videos v ON cp.id = v.channel_id
			GROUP BY nickname
			ORDER BY Total_size DESC LIMIT 10; 
   END IF; 
END ;;
DELIMITER ;
/*!50003 SET sql_mode              = @saved_sql_mode */ ;
/*!50003 SET character_set_client  = @saved_cs_client */ ;
/*!50003 SET character_set_results = @saved_cs_results */ ;
/*!50003 SET collation_connection  = @saved_col_connection */ ;
/*!50003 DROP PROCEDURE IF EXISTS `RepeatDemo` */;
/*!50003 SET @saved_cs_client      = @@character_set_client */ ;
/*!50003 SET @saved_cs_results     = @@character_set_results */ ;
/*!50003 SET @saved_col_connection = @@collation_connection */ ;
/*!50003 SET character_set_client  = utf8mb4 */ ;
/*!50003 SET character_set_results = utf8mb4 */ ;
/*!50003 SET collation_connection  = utf8mb4_0900_ai_ci */ ;
/*!50003 SET @saved_sql_mode       = @@sql_mode */ ;
/*!50003 SET sql_mode              = 'ONLY_FULL_GROUP_BY,STRICT_TRANS_TABLES,NO_ZERO_IN_DATE,NO_ZERO_DATE,ERROR_FOR_DIVISION_BY_ZERO,NO_ENGINE_SUBSTITUTION' */ ;
DELIMITER ;;
CREATE DEFINER=`root`@`localhost` PROCEDURE `RepeatDemo`()
BEGIN
    DECLARE counter INT DEFAULT 1;
    DECLARE result VARCHAR(100) DEFAULT '';
    REPEAT
   		UPDATE user_info SET user_status = 2 WHERE id = (SELECT FLOOR(RAND()*(300-1)+1));
        #SET result = CONCAT(result,counter,',');
        SET counter = counter + 1;
    UNTIL counter >= 10
    END REPEAT;
    
    -- display result
    SELECT result;
END ;;
DELIMITER ;
/*!50003 SET sql_mode              = @saved_sql_mode */ ;
/*!50003 SET character_set_client  = @saved_cs_client */ ;
/*!50003 SET character_set_results = @saved_cs_results */ ;
/*!50003 SET collation_connection  = @saved_col_connection */ ;

--
-- Final view structure for view `view_1`
--

/*!50001 DROP TABLE IF EXISTS `view_1`*/;
/*!50001 DROP VIEW IF EXISTS `view_1`*/;
/*!50001 SET @saved_cs_client          = @@character_set_client */;
/*!50001 SET @saved_cs_results         = @@character_set_results */;
/*!50001 SET @saved_col_connection     = @@collation_connection */;
/*!50001 SET character_set_client      = utf8mb4 */;
/*!50001 SET character_set_results     = utf8mb4 */;
/*!50001 SET collation_connection      = utf8mb4_0900_ai_ci */;
/*!50001 CREATE ALGORITHM=UNDEFINED */
/*!50013 DEFINER=`root`@`localhost` SQL SECURITY DEFINER */
/*!50001 VIEW `view_1` AS select `v`.`title` AS `Video_name`,`aq`.`quality` AS `quality`,`v`.`views` AS `Number_of_views` from (`videos` `v` join `available_quality` `aq` on((`v`.`max_quality` = `aq`.`id`))) where (`aq`.`quality` = '2160p') order by `v`.`views` desc */;
/*!50001 SET character_set_client      = @saved_cs_client */;
/*!50001 SET character_set_results     = @saved_cs_results */;
/*!50001 SET collation_connection      = @saved_col_connection */;

--
-- Final view structure for view `view_2`
--

/*!50001 DROP TABLE IF EXISTS `view_2`*/;
/*!50001 DROP VIEW IF EXISTS `view_2`*/;
/*!50001 SET @saved_cs_client          = @@character_set_client */;
/*!50001 SET @saved_cs_results         = @@character_set_results */;
/*!50001 SET @saved_col_connection     = @@collation_connection */;
/*!50001 SET character_set_client      = utf8mb4 */;
/*!50001 SET character_set_results     = utf8mb4 */;
/*!50001 SET collation_connection      = utf8mb4_0900_ai_ci */;
/*!50001 CREATE ALGORITHM=UNDEFINED */
/*!50013 DEFINER=`root`@`localhost` SQL SECURITY DEFINER */
/*!50001 VIEW `view_2` AS select count(0) AS `Number_of_channels`,`m`.`monetization` AS `Status_of_monetization` from (`channel_profiles` `cp` join `monetization` `m` on((`cp`.`monetization` = `m`.`id`))) group by `cp`.`monetization` order by `m`.`monetization` desc */;
/*!50001 SET character_set_client      = @saved_cs_client */;
/*!50001 SET character_set_results     = @saved_cs_results */;
/*!50001 SET collation_connection      = @saved_col_connection */;
/*!40103 SET TIME_ZONE=@OLD_TIME_ZONE */;

/*!40101 SET SQL_MODE=@OLD_SQL_MODE */;
/*!40014 SET FOREIGN_KEY_CHECKS=@OLD_FOREIGN_KEY_CHECKS */;
/*!40014 SET UNIQUE_CHECKS=@OLD_UNIQUE_CHECKS */;
/*!40101 SET CHARACTER_SET_CLIENT=@OLD_CHARACTER_SET_CLIENT */;
/*!40101 SET CHARACTER_SET_RESULTS=@OLD_CHARACTER_SET_RESULTS */;
/*!40101 SET COLLATION_CONNECTION=@OLD_COLLATION_CONNECTION */;
/*!40111 SET SQL_NOTES=@OLD_SQL_NOTES */;

-- Dump completed on 2021-02-08 18:03:34
